id,category,family,status,mutants,tests,locations,k,minimum,producer_cpu_seconds,checker_cpu_seconds,certificate_bytes,branches,interval_result,interval_cpu_seconds,random_result,random_accepted,random_attempts,random_minimum,random_cpu_seconds
ambiguity-00,ambiguity,ambiguity,stable,8,19,2,1,,0.0,0.0,301,4,stable,0.0,unknown,64,170,,0.00399391799999993
ambiguity-01,ambiguity,ambiguity,stable,8,19,2,1,,0.0,0.0,301,4,stable,0.0,unknown,64,170,,0.0
ambiguity-02,ambiguity,ambiguity,stable,8,19,2,1,,0.0,0.0,301,4,stable,0.0,unknown,64,173,,0.0
ambiguity-03,ambiguity,ambiguity,stable,8,19,2,1,,0.0,0.0,301,4,stable,0.0,unknown,64,151,,0.003992355999999919
ambiguity-04,ambiguity,ambiguity,stable,8,19,2,1,,0.0,0.0,301,4,stable,0.0,unknown,64,166,,0.004001299000000014
ambiguity-05,ambiguity,ambiguity,stable,8,19,2,1,,0.0,0.0,301,4,stable,0.0,unknown,64,155,,0.004000467999999979
ambiguity-06,ambiguity,ambiguity,stable,8,19,2,1,,0.0,0.0,301,4,stable,0.0,unknown,64,139,,0.004007037000000047
ambiguity-07,ambiguity,ambiguity,stable,8,19,2,1,,0.0,0.0,301,4,stable,0.0,unknown,64,166,,0.0
ambiguity-08,ambiguity,ambiguity,stable,8,19,2,1,,0.0,0.0,301,4,stable,0.0,unknown,64,154,,0.0
ambiguity-09,ambiguity,ambiguity,stable,8,19,2,1,,0.0,0.0,301,4,stable,0.0,unknown,64,160,,0.003988119000000068
ambiguity-10,ambiguity,ambiguity,stable,8,19,2,1,,0.0,0.0,301,4,stable,0.0,unknown,64,185,,0.00400044799999999
ambiguity-11,ambiguity,ambiguity,stable,8,19,2,1,,0.0,0.0,301,4,stable,0.0,unknown,64,171,,0.0040078479999999805
ambiguity-12,ambiguity,ambiguity,stable,8,19,2,1,,0.0,0.0,301,4,stable,0.0,unknown,64,169,,0.0
ambiguity-13,ambiguity,ambiguity,stable,8,19,2,1,,0.0,0.0,301,4,stable,0.0,unknown,64,168,,0.0
ambiguity-14,ambiguity,ambiguity,stable,8,19,2,1,,0.0,0.0,301,4,stable,0.0,unknown,64,177,,0.0
ambiguity-15,ambiguity,ambiguity,stable,8,19,2,1,,0.0,0.0,301,4,stable,0.0,unknown,64,181,,0.003992786999999942
ambiguity-16,ambiguity,ambiguity,stable,8,19,2,1,,0.0,0.0,301,4,stable,0.0,unknown,64,187,,0.004000938000000009
ambiguity-17,ambiguity,ambiguity,stable,8,19,2,1,,0.0,0.0,301,4,stable,0.0,unknown,64,168,,0.0040064870000000585
ambiguity-18,ambiguity,ambiguity,stable,8,19,2,1,,0.0,0.0,301,4,stable,0.0,unknown,64,165,,0.0
ambiguity-19,ambiguity,ambiguity,stable,8,19,2,1,,0.0,0.0,301,4,stable,0.0,unknown,64,173,,0.0
ambiguity-20,ambiguity,ambiguity,stable,8,19,2,1,,0.0,0.0,301,4,stable,0.0,unknown,64,193,,0.0
ambiguity-21,ambiguity,ambiguity,stable,8,19,2,1,,0.0,0.0,301,4,stable,0.0,unknown,64,166,,0.0039895819999999915
ambiguity-22,ambiguity,ambiguity,stable,8,19,2,1,,0.0,0.0,301,4,stable,0.0,unknown,64,150,,0.004000707999999964
ambiguity-23,ambiguity,ambiguity,stable,8,19,2,1,,0.0,0.0,301,4,stable,0.0,unknown,64,197,,0.003999516000000036
ambiguity-24,ambiguity,ambiguity,stable,8,19,2,1,,0.0,0.0,301,4,stable,0.0,unknown,64,166,,0.004005845000000008
ambiguity-25,ambiguity,ambiguity,stable,8,19,2,1,,0.0,0.0,301,4,stable,0.0,unknown,64,177,,0.0
ambiguity-26,ambiguity,ambiguity,stable,8,19,2,1,,0.0,0.0,301,4,stable,0.0,unknown,64,174,,0.0
ambiguity-27,ambiguity,ambiguity,stable,8,19,2,1,,0.0,0.0,301,4,stable,0.0,unknown,64,170,,0.0
ambiguity-28,ambiguity,ambiguity,stable,8,19,2,1,,0.0,0.0,301,4,stable,0.0,unknown,64,171,,0.003992594999999932
ambiguity-29,ambiguity,ambiguity,stable,8,19,2,1,,0.0,0.0,301,4,stable,0.0,unknown,64,175,,0.003999677000000035
ambiguity-30,ambiguity,ambiguity,stable,8,19,2,1,,0.0,0.0,301,4,stable,0.0,unknown,64,217,,0.0040053650000000385
ambiguity-31,ambiguity,ambiguity,stable,8,19,2,1,,0.0,0.0,301,4,stable,0.0,unknown,64,174,,0.0
ambiguity-32,ambiguity,ambiguity,stable,8,19,2,1,,0.0,0.0,301,4,stable,0.0,unknown,64,137,,0.0
ambiguity-33,ambiguity,ambiguity,stable,8,19,2,1,,0.0,0.0,301,4,stable,0.0,unknown,64,174,,0.003998033999999984
ambiguity-34,ambiguity,ambiguity,stable,8,19,2,1,,0.0,0.0,301,4,stable,0.0,unknown,64,180,,0.004000247000000012
ambiguity-35,ambiguity,ambiguity,stable,8,19,2,1,,0.0,0.0,301,4,stable,0.0,unknown,64,153,,0.0039999170000000195
ambiguity-36,ambiguity,ambiguity,stable,8,19,2,1,,0.0,0.004003532000000032,301,4,stable,0.0,unknown,64,153,,0.0
ambiguity-37,ambiguity,ambiguity,stable,8,19,2,1,,0.0,0.0,301,4,stable,0.0,unknown,64,154,,0.0
ambiguity-38,ambiguity,ambiguity,stable,8,19,2,1,,0.0,0.0,301,4,stable,0.0,unknown,64,144,,0.0
ambiguity-39,ambiguity,ambiguity,stable,8,19,2,1,,0.0,0.0,301,4,stable,0.0,unknown,64,172,,0.003991654000000011
fixture-00,fixture,fixture,stable,4,4,2,1,,0.0,0.0,195,2,unknown,0.0,unknown,64,219,,0.004008258999999903
fixture-01,fixture,fixture,counterexample,4,4,2,1,2,0.0,0.0,199,2,unknown,0.0,observed_counterexample,64,94,2,0.0
fixture-02,fixture,fixture,counterexample,5,2,2,1,4,0.0,0.0,347,4,unknown,0.0,observed_counterexample,64,111,4,0.0
fixture-03,fixture,fixture,counterexample,40,2,2,1,20,0.0,0.0,1304,20,unknown,0.003387387000000075,unknown,64,64,,0.00399932599999997
fixture-04,fixture,fixture,stable,2,2,2,1,,0.0,0.0,129,1,stable,0.0,unknown,64,134,,0.0
fixture-05,fixture,fixture,stable,2,1,2,1,,0.0,0.0,74,0,stable,0.0,unknown,64,64,,0.0
fixture-06,fixture,fixture,counterexample,2,1,2,1,1,0.0,0.0,141,1,unknown,0.0,observed_counterexample,64,64,1,0.0
fixture-07,fixture,fixture,stable,2,2,2,1,,0.0,0.0,129,1,stable,0.0,unknown,64,398,,0.0
fixture-08,fixture,fixture,infeasible_policy,2,1,2,1,,0.0,0.0,99,0,infeasible_policy,0.0,unknown,0,4096,,0.011994983999999986
fixture-09,fixture,fixture,stable,2,1,2,2,,0.0,0.0,73,0,stable,0.0,unknown,64,64,,0.0
fixture-10,fixture,fixture,stable,2,1,2,1,,0.0,0.0,136,1,stable,0.0,unknown,64,64,,0.004004222999999918
fixture-11,fixture,fixture,stable,1,1,2,1,,0.0,0.0,73,0,stable,0.0,unknown,64,64,,0.0
fixture-12,fixture,fixture,counterexample,1,1,2,1,1,0.0,0.0,146,1,unknown,0.0,observed_counterexample,64,64,1,0.0040004670000000075
fixture-13,fixture,fixture,stable,0,1,2,1,,0.0,0.0,73,0,stable,0.0,unknown,64,64,,0.0
fixture-14,fixture,fixture,counterexample,0,1,2,1,0,0.0,0.0,141,1,unknown,0.0,observed_counterexample,64,64,0,0.0
fixture-15,fixture,fixture,stable,4,4,3,2,,0.0,0.0,76,0,stable,0.0,unknown,64,194,,0.0
fixture-16,fixture,fixture,infeasible_policy,2,1,2,1,,0.0,0.0,93,0,infeasible_policy,0.0,unknown,0,4096,,0.01199042600000011
fixture-17,fixture,fixture,stable,40,1,2,1,,0.007995207000000004,0.0,1299,19,stable,0.004002891000000064,unknown,64,64,,0.00399876499999996
fixture-18,fixture,fixture,stable,2,2,2,1,,0.0,0.0,136,1,stable,0.0,unknown,64,64,,0.0
fixture-19,fixture,fixture,counterexample,2,2,2,1,0,0.0,0.0,197,2,unknown,0.004012504999999944,observed_counterexample,64,64,0,0.0
program-000,program,affine,counterexample,15,49,6,1,6,0.0,0.0,844,13,unknown,0.0039888509999999044,observed_counterexample,64,1378,6,0.011998278000000084
program-001,program,affine,counterexample,15,49,6,1,6,0.0,0.0,787,12,unknown,0.004001117999999915,observed_counterexample,64,1691,6,0.01599188600000012
program-002,program,affine,counterexample,15,49,6,1,6,0.0,0.0,844,13,unknown,0.004004333999999998,observed_counterexample,64,3692,6,0.02409721599999992
program-003,program,affine,counterexample,15,49,6,1,6,0.0,0.0,787,12,unknown,0.0,observed_counterexample,64,1830,6,0.019997200999999798
program-004,program,affine,counterexample,15,49,6,1,6,0.0,0.0,844,13,unknown,0.0,observed_counterexample,64,947,6,0.012000750999999976
program-005,program,affine,counterexample,15,49,6,1,6,0.0,0.0,787,12,unknown,0.004003621999999929,observed_counterexample,64,1256,6,0.01198715199999989
program-006,program,affine,counterexample,15,49,6,1,6,0.0,0.0,844,13,unknown,0.0,observed_counterexample,64,824,6,0.00799790999999983
program-007,program,affine,counterexample,15,49,6,1,6,0.0,0.0,787,12,unknown,0.003995610000000038,observed_counterexample,64,840,7,0.007998051000000173
program-008,program,affine,counterexample,15,49,6,1,6,0.0,0.0,844,13,unknown,0.0,observed_counterexample,64,1382,6,0.01585217899999991
program-009,program,affine,counterexample,15,49,6,1,6,0.0,0.0,787,12,unknown,0.0040032220000001395,observed_counterexample,64,945,7,0.007994544999999853
program-010,program,affine,counterexample,15,49,6,1,6,0.0,0.0,844,13,unknown,0.0,observed_counterexample,64,816,6,0.0119942420000001
program-011,program,affine,counterexample,15,49,6,1,6,0.0,0.00399012200000004,787,12,unknown,0.0,observed_counterexample,64,1018,6,0.01199687599999999
program-012,program,affine,counterexample,15,49,6,1,6,0.0,0.0,844,13,unknown,0.004001719999999986,observed_counterexample,59,4096,6,0.02799524099999995
program-013,program,affine,counterexample,15,49,6,1,6,0.0,0.0,787,12,unknown,0.0,observed_counterexample,64,1113,6,0.01198876400000004
program-014,program,affine,counterexample,15,49,6,1,6,0.003999456000000068,0.0,844,13,unknown,0.0,observed_counterexample,64,2806,6,0.019987076000000048
program-015,program,affine,counterexample,15,49,6,1,6,0.0,0.0,787,12,unknown,0.004000097000000036,observed_counterexample,64,1091,6,0.007996318000000002
program-016,program,affine,stable,15,49,6,1,,0.0,0.003992787000000053,1157,13,stable,0.0,unknown,64,1130,,0.011998889000000013
program-017,program,affine,counterexample,15,49,6,1,6,0.0,0.004005875999999908,787,12,unknown,0.0,observed_counterexample,64,1327,6,0.01199263000000017
program-018,program,affine,stable,15,49,6,1,,0.0,0.0,1157,13,stable,0.0,unknown,64,771,,0.01199685599999989
program-019,program,affine,stable,15,49,6,1,,0.0,0.0,1157,13,stable,0.003995289999999985,unknown,64,1209,,0.011997658000000078
program-020,program,clamp,counterexample,15,49,6,1,6,0.0,0.0,1074,17,unknown,0.0,observed_counterexample,64,2309,6,0.01999121200000009
program-021,program,clamp,stable,15,49,6,1,,0.0,0.0,1240,14,stable,0.003998594999999883,unknown,64,999,,0.008042187000000034
program-022,program,clamp,counterexample,15,49,6,1,6,0.003998394999999988,0.0,960,15,unknown,0.0,observed_counterexample,64,2116,6,0.01599766399999991
program-023,program,clamp,stable,15,49,6,1,,0.00399278599999997,0.0,1240,14,stable,0.0,unknown,64,987,,0.011997156000000064
program-024,program,clamp,counterexample,15,49,6,1,6,0.0,0.0,845,13,unknown,0.0,observed_counterexample,64,852,6,0.01199420200000012
program-025,program,clamp,stable,15,49,6,1,,0.0,0.0,1240,14,stable,0.0039973829999999655,unknown,64,874,,0.008000144000000153
program-026,program,clamp,stable,15,49,6,1,,0.004004042999999902,0.0,1157,13,stable,0.0,unknown,64,2479,,0.019992594000000086
program-027,program,clamp,stable,15,49,6,1,,0.0,0.0,1240,14,stable,0.0,unknown,64,884,,0.011997916999999969
program-028,program,clamp,counterexample,15,49,6,1,6,0.0,0.0,845,13,unknown,0.0,observed_counterexample,64,2975,7,0.023987542999999834
program-029,program,clamp,stable,15,49,6,1,,0.0040032219999999175,0.0,1240,14,stable,0.0,unknown,64,1600,,0.015997593999999893
program-030,program,clamp,counterexample,15,49,6,1,6,0.0,0.0,845,13,unknown,0.0,observed_counterexample,64,1501,7,0.011993330999999996
program-031,program,clamp,counterexample,15,49,6,1,6,0.0,0.0,903,14,unknown,0.004002029999999879,observed_counterexample,64,1742,6,0.011996996000000149
program-032,program,clamp,counterexample,15,49,6,1,6,0.0,0.0,844,13,unknown,0.003999024999999934,observed_counterexample,64,927,6,0.007984301000000027
program-033,program,clamp,counterexample,15,49,6,1,6,0.0,0.0,902,14,unknown,0.003994198000000004,observed_counterexample,64,3608,6,0.023991218999999786
program-034,program,clamp,stable,15,49,6,1,,0.0,0.0,1158,13,stable,0.0,unknown,64,2108,,0.019997179999999837
program-035,program,clamp,counterexample,15,49,6,1,6,0.0040074279999999796,0.0,902,14,unknown,0.0,observed_counterexample,64,1105,6,0.01199090699999994
program-036,program,clamp,counterexample,15,49,6,1,6,0.0,0.0,960,15,unknown,0.0,observed_counterexample,64,897,6,0.011996225000000305
program-037,program,clamp,counterexample,15,49,6,1,6,0.0,0.0,902,14,unknown,0.0,observed_counterexample,64,2975,6,0.023994442999999865
program-038,program,clamp,counterexample,15,49,6,1,6,0.0,0.0,845,13,unknown,0.0,observed_counterexample,64,2513,6,0.01998555400000024
program-039,program,clamp,stable,15,49,6,1,,0.0,0.0,1158,13,stable,0.003994568999999615,unknown,64,3220,,0.023998479000000295
program-040,program,tariff,counterexample,15,49,6,1,6,0.0,0.0,845,13,unknown,0.004007858000000031,observed_counterexample,64,2892,6,0.01999114199999985
program-041,program,tariff,counterexample,15,49,6,1,6,0.0,0.0,787,12,unknown,0.0,observed_counterexample,64,865,6,0.01199272000000029
program-042,program,tariff,counterexample,15,49,6,1,6,0.004004534000000337,0.0,844,13,unknown,0.0,observed_counterexample,64,1168,6,0.011989824999999676
program-043,program,tariff,counterexample,15,49,6,1,6,0.0,0.0,902,14,unknown,0.0,observed_counterexample,64,1022,6,0.012000701999999919
program-044,program,tariff,counterexample,15,49,6,1,6,0.0,0.0,845,13,unknown,0.0,observed_counterexample,64,1233,6,0.011996895999999868
program-045,program,tariff,counterexample,15,49,6,1,6,0.003965975999999927,0.0,787,12,unknown,0.0,observed_counterexample,64,779,6,0.008004871000000247
program-046,program,tariff,counterexample,15,49,6,1,6,0.0,0.0,844,13,unknown,0.003996341000000125,observed_counterexample,64,944,6,0.007998832000000178
program-047,program,tariff,counterexample,15,49,6,1,6,0.0,0.0,787,12,unknown,0.0,observed_counterexample,64,1111,6,0.011996085000000267
program-048,program,tariff,counterexample,15,49,6,1,6,0.0,0.0,845,13,unknown,0.0,observed_counterexample,64,3901,6,0.027996544000000068
program-049,program,tariff,counterexample,15,49,6,1,6,0.0,0.0,787,12,unknown,0.0,observed_counterexample,64,2865,6,0.023990637999999898
program-050,program,tariff,counterexample,15,49,6,1,6,0.0,0.0,845,13,unknown,0.004003913000000026,observed_counterexample,64,971,6,0.011987913000000017
program-051,program,tariff,counterexample,15,49,6,1,6,0.0,0.0,787,12,unknown,0.003994629000000138,observed_counterexample,64,1526,6,0.012000771999999937
program-052,program,tariff,counterexample,15,49,6,1,6,0.0,0.0,845,13,unknown,0.0,observed_counterexample,64,3687,6,0.02798717900000014
program-053,program,tariff,counterexample,15,49,6,1,6,0.0,0.0,787,12,unknown,0.0,observed_counterexample,64,2109,6,0.019990361000000068
program-054,program,tariff,counterexample,15,49,6,1,6,0.004004353000000016,0.0,844,13,unknown,0.0,observed_counterexample,64,598,6,0.007990148999999835
program-055,program,tariff,counterexample,15,49,6,1,6,0.0,0.0,787,12,unknown,0.0,observed_counterexample,64,3044,6,0.02399058700000012
program-056,program,tariff,counterexample,15,49,6,1,6,0.0,0.0,844,13,unknown,0.003997613000000122,observed_counterexample,64,983,6,0.00801004900000013
program-057,program,tariff,counterexample,15,49,6,1,6,0.0,0.0,787,12,unknown,0.003993458000000061,observed_counterexample,64,1116,6,0.01199354099999983
program-058,program,tariff,counterexample,15,49,6,1,6,0.0,0.004007957999999867,844,13,unknown,0.0,observed_counterexample,64,909,6,0.007996338999999963
program-059,program,tariff,counterexample,15,49,6,1,6,0.0,0.0,844,13,unknown,0.003997823999999817,observed_counterexample,64,894,6,0.007989287000000012
program-060,program,median,counterexample,15,49,6,1,6,0.0,0.0,844,13,unknown,0.0,observed_counterexample,64,780,6,0.011993320999999835
program-061,program,median,stable,15,49,6,1,,0.004000797999999861,0.0,1240,14,stable,0.0,unknown,64,3130,,0.023995274000000233
program-062,program,median,counterexample,15,49,6,1,6,0.0,0.0,961,15,unknown,0.004004183000000161,observed_counterexample,64,1277,6,0.011997036999999988
program-063,program,median,stable,15,49,6,1,,0.0040064759999998145,0.0,1552,18,stable,0.0,unknown,64,1408,,0.01598014900000022
program-064,program,median,counterexample,15,49,6,1,6,0.0,0.0,845,13,unknown,0.0,observed_counterexample,64,2625,6,0.02399045799999966
program-065,program,median,stable,15,49,6,1,,0.003993087000000006,0.0,1552,18,stable,0.0,unknown,64,1441,,0.01599787500000005
program-066,program,median,counterexample,15,49,6,1,6,0.004000056999999835,0.0,961,15,unknown,0.0,observed_counterexample,64,1342,6,0.011989915000000018
program-067,program,median,counterexample,15,49,6,1,6,0.0,0.0,902,14,unknown,0.003998564999999843,observed_counterexample,64,803,6,0.007987675000000305
program-068,program,median,stable,15,49,6,1,,0.0,0.0,1323,15,stable,0.0039981940000002325,unknown,64,1227,,0.012001823999999939
program-069,program,median,stable,15,49,6,1,,0.003993987999999948,0.0,1406,16,stable,0.0,unknown,64,868,,0.008000694000000141
program-070,program,median,counterexample,15,49,6,1,6,0.004002119999999998,0.0,1074,17,unknown,0.0,observed_counterexample,64,1596,8,0.01599567199999985
program-071,program,median,stable,15,49,6,1,,0.0,0.0,1552,18,stable,0.003996461999999923,unknown,64,1114,,0.011998939000000153
program-072,program,median,counterexample,15,49,6,1,6,0.0040280290000000996,0.0,844,13,unknown,0.0,observed_counterexample,64,2999,6,0.02392840499999993
program-073,program,median,counterexample,15,49,6,1,6,0.004005865999999969,0.0,1016,16,unknown,0.0,observed_counterexample,64,1881,6,0.015990533000000084
program-074,program,median,stable,15,49,6,1,,0.0,0.0,1323,15,stable,0.0,unknown,64,1650,,0.015994789999999703
program-075,program,median,counterexample,15,49,6,1,6,0.004003352000000238,0.0,1018,16,unknown,0.0,observed_counterexample,64,1409,6,0.01198977499999998
program-076,program,median,counterexample,15,49,6,1,6,0.0,0.0,1074,17,unknown,0.004007318000000204,observed_counterexample,64,1393,7,0.011990115999999773
program-077,program,median,stable,15,49,6,1,,0.0039956400000003,0.0,1552,18,stable,0.0,unknown,64,1084,,0.011998728999999653
program-078,program,median,stable,15,49,6,1,,0.003998825000000039,0.0,1157,13,stable,0.0,unknown,64,828,,0.011999239999999745
program-079,program,median,counterexample,15,49,6,1,6,0.0,0.0,1074,17,unknown,0.0,observed_counterexample,64,2068,7,0.01999604899999996
program-080,program,interval,stable,15,49,6,1,,0.0,0.0,1157,13,stable,0.0,unknown,64,1036,,0.011997327000000002
program-081,program,interval,counterexample,15,49,6,1,6,0.0,0.003997914000000158,787,12,unknown,0.0,observed_counterexample,64,1904,6,0.01599230599999979
program-082,program,interval,counterexample,15,49,6,1,6,0.003994759999999875,0.0,844,13,unknown,0.0,observed_counterexample,64,851,6,0.00800065399999994
program-083,program,interval,counterexample,15,49,6,1,6,0.0,0.0,787,12,unknown,0.003995370000000165,observed_counterexample,64,1240,6,0.011996004999999865
program-084,program,interval,counterexample,15,49,6,1,6,0.0,0.0,844,13,unknown,0.0,observed_counterexample,64,2501,6,0.019983349999999955
program-085,program,interval,counterexample,15,49,6,1,6,0.004005965999999805,0.0,787,12,unknown,0.0,observed_counterexample,64,1141,6,0.011992168999999997
program-086,program,interval,stable,15,49,6,1,,0.0,0.0,1157,13,stable,0.0,unknown,64,1149,,0.0119928899999997
program-087,program,interval,counterexample,15,49,6,1,6,0.0,0.0,787,12,unknown,0.0,observed_counterexample,64,1967,6,0.01599315800000012
program-088,program,interval,counterexample,15,49,6,1,6,0.0,0.0,844,13,unknown,0.0,observed_counterexample,64,1326,6,0.011997135999999742
program-089,program,interval,counterexample,15,49,6,1,6,0.0,0.0,787,12,unknown,0.0,observed_counterexample,64,1800,6,0.015992998000000203
program-090,program,interval,stable,15,49,6,1,,0.0,0.0,1157,13,stable,0.004003532000000032,unknown,64,1295,,0.012001453000000328
program-091,program,interval,counterexample,15,49,6,1,6,0.0,0.0,787,12,unknown,0.0,observed_counterexample,64,1001,6,0.01199305000000006
program-092,program,interval,stable,15,49,6,1,,0.0,0.0,1157,13,stable,0.003995269999999884,unknown,64,824,,0.007997801000000138
program-093,program,interval,counterexample,15,49,6,1,6,0.0,0.0,787,12,unknown,0.003998854999999857,observed_counterexample,64,2140,7,0.01599254700000019
program-094,program,interval,counterexample,15,49,6,1,6,0.0,0.0,844,13,unknown,0.0,observed_counterexample,64,1817,6,0.015990563999999985
program-095,program,interval,counterexample,15,49,6,1,6,0.0,0.0,787,12,unknown,0.0,observed_counterexample,64,2225,6,0.019994105999999956
program-096,program,interval,counterexample,15,49,6,1,6,0.0,0.0040024400000002736,844,13,unknown,0.0,observed_counterexample,64,924,6,0.011992289999999795
program-097,program,interval,counterexample,15,49,6,1,6,0.0,0.0,787,12,unknown,0.003993126999999763,observed_counterexample,64,1458,6,0.011996946000000008
program-098,program,interval,counterexample,15,49,6,1,6,0.0,0.0,844,13,unknown,0.0,observed_counterexample,64,1244,6,0.015994901000000006
program-099,program,interval,counterexample,15,49,6,1,6,0.0,0.0,844,13,unknown,0.004000947999999838,observed_counterexample,64,1369,7,0.011995383999999998
program-100,program,predicate,stable,15,49,6,1,,0.003997924000000097,0.0,1157,13,stable,0.0,unknown,64,2139,,0.01999281400000008
program-101,program,predicate,counterexample,15,49,6,1,6,0.0,0.0,787,12,unknown,0.0,observed_counterexample,64,1174,6,0.011996125000000024
program-102,program,predicate,counterexample,15,49,6,1,6,0.0,0.0,845,13,unknown,0.0,observed_counterexample,64,1759,6,0.015992517000000372
program-103,program,predicate,counterexample,15,49,6,1,6,0.0,0.0,1016,16,unknown,0.0,observed_counterexample,64,1439,6,0.016000218000000288
program-104,program,predicate,counterexample,15,49,6,1,6,0.004009320999999844,0.0,845,13,unknown,0.0,observed_counterexample,64,2219,6,0.015991325000000334
program-105,program,predicate,stable,15,49,6,1,,0.003995028999999928,0.0,1552,18,stable,0.0,unknown,64,1818,,0.015993428000000254
program-106,program,predicate,stable,15,49,6,1,,0.0,0.0,1157,13,stable,0.0,unknown,64,782,,0.012001954000000037
program-107,program,predicate,counterexample,15,49,6,1,6,0.0,0.0,787,12,unknown,0.004000548000000048,observed_counterexample,64,1218,6,0.011992709999999907
program-108,program,predicate,counterexample,15,49,6,1,6,0.0,0.0,960,15,unknown,0.0,observed_counterexample,64,874,6,0.007994355999999758
program-109,program,predicate,counterexample,15,49,6,1,6,0.0,0.0,902,14,unknown,0.004001569000000149,observed_counterexample,64,1321,6,0.011992429999999832
program-110,program,predicate,counterexample,15,49,6,1,6,0.003999555999999682,0.0,844,13,unknown,0.0,observed_counterexample,64,1217,6,0.011991668000000288
program-111,program,predicate,stable,15,49,6,1,,0.0,0.0,1552,18,stable,0.003997403000000066,unknown,64,1146,,0.012000020999999972
program-112,program,predicate,stable,15,49,6,1,,0.0,0.0,1157,13,stable,0.0,unknown,64,1263,,0.015997083000000245
program-113,program,predicate,counterexample,15,49,6,1,6,0.0,0.0,787,12,unknown,0.0,observed_counterexample,64,2796,6,0.02399257999999982
program-114,program,predicate,counterexample,15,49,6,1,6,0.0,0.0,845,13,unknown,0.0,observed_counterexample,64,651,6,0.01199726599999984
program-115,program,predicate,counterexample,15,49,6,1,6,0.0040027910000000055,0.0,1016,16,unknown,0.0,observed_counterexample,64,1811,6,0.015992986999999736
program-116,program,predicate,counterexample,15,49,6,1,6,0.0,0.0,845,13,unknown,0.004002310999999814,observed_counterexample,64,1517,6,0.01199536400000012
program-117,program,predicate,counterexample,15,49,6,1,6,0.0,0.0,1132,18,unknown,0.0,observed_counterexample,64,893,6,0.01199588500000015
program-118,program,predicate,stable,15,49,6,1,,0.0,0.0,1157,13,stable,0.0,unknown,64,1135,,0.01199506299999964
program-119,program,predicate,stable,15,49,6,1,,0.0,0.0,1323,15,stable,0.0,unknown,64,844,,0.01199037599999997
program-120,program,accumulator,counterexample,15,49,6,1,6,0.0,0.0,844,13,unknown,0.004001258000000618,observed_counterexample,64,1427,6,0.011997116999999946
program-121,program,accumulator,counterexample,15,49,6,1,6,0.0,0.0,787,12,unknown,0.0,observed_counterexample,64,881,6,0.011999239999999745
program-122,program,accumulator,stable,15,49,6,1,,0.0040008179999997395,0.0,1157,13,stable,0.0,unknown,64,974,,0.011995554000000297
program-123,program,accumulator,counterexample,15,49,6,1,6,0.0,0.0,787,12,unknown,0.0,observed_counterexample,64,1588,6,0.015994999999999315
program-124,program,accumulator,counterexample,15,49,6,1,6,0.004000999000000505,0.0,844,13,unknown,0.0,observed_counterexample,63,4096,6,0.02799094499999999
program-125,program,accumulator,counterexample,15,49,6,1,6,0.0,0.0,787,12,unknown,0.0,observed_counterexample,64,1327,6,0.015993147999999735
program-126,program,accumulator,stable,15,49,6,1,,0.0039990450000004785,0.0,1157,13,stable,0.0,unknown,64,800,,0.007992502999999651
program-127,program,accumulator,counterexample,15,49,6,1,6,0.004008139000000632,0.0,787,12,unknown,0.0,observed_counterexample,64,1939,7,0.015994639999999727
program-128,program,accumulator,counterexample,15,49,6,1,6,0.0,0.0,844,13,unknown,0.0,observed_counterexample,64,1606,6,0.0159982249999997
program-129,program,accumulator,counterexample,15,49,6,1,6,0.0039999169999997974,0.0,787,12,unknown,0.0,observed_counterexample,64,1491,6,0.011992939999999841
program-130,program,accumulator,counterexample,15,49,6,1,6,0.0,0.0,844,13,unknown,0.0,observed_counterexample,64,2927,6,0.023998229000000038
program-131,program,accumulator,counterexample,15,49,6,1,6,0.004003872000000186,0.0,787,12,unknown,0.0,observed_counterexample,64,1668,6,0.01599025300000001
program-132,program,accumulator,counterexample,15,49,6,1,6,0.0,0.0,844,13,unknown,0.004003551999999466,observed_counterexample,64,1315,6,0.011990317000000417
program-133,program,accumulator,counterexample,15,49,6,1,6,0.00399940600000015,0.0,787,12,unknown,0.0,observed_counterexample,64,944,6,0.011994112000000001
program-134,program,accumulator,stable,15,49,6,1,,0.003992294999999757,0.0,1157,13,stable,0.0,unknown,64,1428,,0.011997707999999996
program-135,program,accumulator,counterexample,15,49,6,1,6,0.004012324999999706,0.0,787,12,unknown,0.0,observed_counterexample,64,936,6,0.011986781000000057
program-136,program,accumulator,stable,15,49,6,1,,0.0,0.0,1157,13,stable,0.0,unknown,64,949,,0.007994816000000071
program-137,program,accumulator,counterexample,15,49,6,1,6,0.004014437999999565,0.0,787,12,unknown,0.0,observed_counterexample,64,1458,6,0.011985629999999858
program-138,program,accumulator,stable,15,49,6,1,,0.0,0.0,1157,13,stable,0.0,unknown,64,834,,0.00800242700000009
program-139,program,accumulator,counterexample,15,49,6,1,6,0.0,0.0,844,13,unknown,0.0,observed_counterexample,64,1359,6,0.011994062000000305
program-140,program,remainder,counterexample,15,49,6,1,6,0.0,0.0,844,13,unknown,0.0,observed_counterexample,64,1386,6,0.012000983000000076
program-141,program,remainder,counterexample,15,49,6,1,6,0.0,0.0,787,12,unknown,0.0,observed_counterexample,64,1033,6,0.011993900999999418
program-142,program,remainder,stable,15,49,6,1,,0.0,0.0,1157,13,stable,0.004002410000000012,unknown,64,709,,0.007993695000000578
program-143,program,remainder,counterexample,15,49,6,1,6,0.0,0.0,787,12,unknown,0.0040009879999995945,observed_counterexample,64,2190,6,0.01599928700000053
program-144,program,remainder,stable,15,49,6,1,,0.0,0.0,1157,13,stable,0.003988559999999808,unknown,64,699,,0.00799822100000025
program-145,program,remainder,counterexample,15,49,6,1,6,0.0,0.0,787,12,unknown,0.0,observed_counterexample,64,1263,6,0.011993652000000132
program-146,program,remainder,counterexample,15,49,6,1,6,0.0,0.0,844,13,unknown,0.0,observed_counterexample,64,1589,6,0.015998846000000455
program-147,program,remainder,counterexample,15,49,6,1,6,0.0,0.0,787,12,unknown,0.0,observed_counterexample,64,825,6,0.01199412199999994
program-148,program,remainder,counterexample,15,49,6,1,6,0.0,0.0,844,13,unknown,0.00400091800000002,observed_counterexample,64,2299,6,0.019993234999999387
program-149,program,remainder,counterexample,15,49,6,1,6,0.0,0.0,787,12,unknown,0.0,observed_counterexample,64,4021,6,0.028065264999999506
program-150,program,remainder,counterexample,15,49,6,1,6,0.0,0.0,844,13,unknown,0.0,observed_counterexample,64,2123,6,0.019999634000000377
program-151,program,remainder,counterexample,15,49,6,1,6,0.0,0.0,787,12,unknown,0.0,observed_counterexample,64,1215,6,0.011998598999999999
program-152,program,remainder,stable,15,49,6,1,,0.0040008079999998,0.0,1157,13,stable,0.0,unknown,64,926,,0.011994803000000331
program-153,program,remainder,counterexample,15,49,6,1,6,0.0,0.0,787,12,unknown,0.0,observed_counterexample,64,1533,6,0.015992657000000854
program-154,program,remainder,counterexample,15,49,6,1,6,0.0,0.0,844,13,unknown,0.004007618000000157,observed_counterexample,64,1139,6,0.011988554000000207
program-155,program,remainder,counterexample,15,49,6,1,6,0.0,0.003996491999999741,787,12,unknown,0.0,observed_counterexample,64,1167,6,0.011995173000000747
program-156,program,remainder,stable,15,49,6,1,,0.004002110000000059,0.0,1157,13,stable,0.0,unknown,64,1823,,0.01599120499999973
program-157,program,remainder,counterexample,15,49,6,1,6,0.0,0.0,787,12,unknown,0.0,observed_counterexample,64,2064,6,0.015992025000000076
program-158,program,remainder,stable,15,49,6,1,,0.0,0.0,1157,13,stable,0.004003452000000074,unknown,64,1077,,0.011985078000000371
program-159,program,remainder,counterexample,15,49,6,1,6,0.0,0.0,844,13,unknown,0.0,observed_counterexample,64,1146,6,0.015989902000000278
program-160,program,bucket,counterexample,15,49,6,1,6,0.0,0.0,844,13,unknown,0.0,observed_counterexample,64,1122,6,0.0119942420000001
program-161,program,bucket,stable,15,49,6,1,,0.0,0.0,1240,14,stable,0.0,unknown,64,3829,,0.023997167000000097
program-162,program,bucket,counterexample,15,49,6,1,6,0.0,0.0,961,15,unknown,0.0,observed_counterexample,64,901,6,0.011998118000000169
program-163,program,bucket,counterexample,15,49,6,1,6,0.0,0.0,903,14,unknown,0.0,observed_counterexample,64,1050,6,0.011972109999999425
program-164,program,bucket,counterexample,15,49,6,1,6,0.0,0.0,1074,17,unknown,0.004000328000000053,observed_counterexample,64,3494,6,0.023991188000000108
program-165,program,bucket,counterexample,15,49,6,1,6,0.0,0.0,1132,18,unknown,0.004005505000000298,observed_counterexample,64,1977,6,0.015992896999999395
program-166,program,bucket,counterexample,15,49,6,1,6,0.0,0.0,844,13,unknown,0.0,observed_counterexample,64,2792,6,0.024001683999999912
program-167,program,bucket,stable,15,49,6,1,,0.004001660000000129,0.0,1240,14,stable,0.0,unknown,64,2034,,0.01998929800000049
program-168,program,bucket,counterexample,15,49,6,1,6,0.0,0.0,961,15,unknown,0.003993536999999492,observed_counterexample,64,1751,6,0.01599738400000028
program-169,program,bucket,counterexample,15,49,6,1,6,0.004003972999999661,0.0,903,14,unknown,0.0,observed_counterexample,64,2306,6,0.019989519000000122
program-170,program,bucket,counterexample,15,49,6,1,6,0.0,0.0,961,15,unknown,0.0,observed_counterexample,64,1552,6,0.011989975999999736
program-171,program,bucket,counterexample,15,49,6,1,6,0.0,0.0039982839999996855,1132,18,unknown,0.0,observed_counterexample,64,1357,7,0.011998499000000606
program-172,program,bucket,counterexample,15,49,6,1,6,0.0,0.0,844,13,unknown,0.003998654000000101,observed_counterexample,64,893,6,0.007995237000000266
program-173,program,bucket,counterexample,15,49,6,1,6,0.0,0.0,903,14,unknown,0.0,observed_counterexample,64,1443,6,0.015990814000000242
program-174,program,bucket,counterexample,15,49,6,1,6,0.004002280999999996,0.0,960,15,unknown,0.0,observed_counterexample,64,1111,6,0.011998177999999804
program-175,program,bucket,counterexample,15,49,6,1,6,0.0,0.0,787,12,unknown,0.0,observed_counterexample,64,1020,6,0.011994112000000001
program-176,program,bucket,counterexample,15,49,6,1,6,0.0,0.0,960,15,unknown,0.0,observed_counterexample,64,1262,6,0.01599139400000027
program-177,program,bucket,stable,15,49,6,1,,0.003990713000000312,0.0,1552,18,stable,0.0,unknown,64,1031,,0.011999190000000048
program-178,program,bucket,counterexample,15,49,6,1,6,0.0,0.0,844,13,unknown,0.003997433000000328,observed_counterexample,64,1265,6,0.011991878999999983
program-179,program,bucket,counterexample,15,49,6,1,6,0.0,0.0,961,15,unknown,0.0,observed_counterexample,64,1424,6,0.011989685999999722
program-180,program,polynomial,counterexample,15,49,6,1,6,0.0,0.0,960,15,unknown,0.003999194999999567,observed_counterexample,64,1637,6,0.011994282999999939
program-181,program,polynomial,counterexample,15,49,6,1,6,0.0,0.0,902,14,unknown,0.00400032699999997,observed_counterexample,64,1067,6,0.011990776999999397
program-182,program,polynomial,counterexample,15,49,6,1,6,0.0,0.004001558999999766,961,15,unknown,0.0,observed_counterexample,64,1417,6,0.011996665999999934
program-183,program,polynomial,counterexample,15,49,6,1,6,0.0,0.0,903,14,unknown,0.004004823999999907,observed_counterexample,64,2605,6,0.019992903999999534
program-184,program,polynomial,counterexample,15,49,6,1,6,0.0,0.0,844,13,unknown,0.0,observed_counterexample,64,1001,6,0.011995143999999236
program-185,program,polynomial,counterexample,15,49,6,1,6,0.0,0.0,903,14,unknown,0.0,observed_counterexample,64,1399,6,0.015987178999999685
program-186,program,polynomial,counterexample,15,49,6,1,6,0.0,0.0,961,15,unknown,0.0,observed_counterexample,64,3504,6,0.023993131000000112
program-187,program,polynomial,counterexample,15,49,6,1,6,0.0,0.0,787,12,unknown,0.004004172999999334,observed_counterexample,64,874,6,0.007992683000000333
program-188,program,polynomial,counterexample,15,49,6,1,6,0.0,0.0,961,15,unknown,0.0,observed_counterexample,64,1258,6,0.011987642999999437
program-189,program,polynomial,counterexample,15,49,6,1,6,0.0,0.0,903,14,unknown,0.0,observed_counterexample,64,1069,6,0.011996579999999923
program-190,program,polynomial,counterexample,15,49,6,1,6,0.0,0.0,961,15,unknown,0.0,observed_counterexample,64,4020,6,0.027994480000000266
program-191,program,polynomial,counterexample,15,49,6,1,6,0.0,0.0,1016,16,unknown,0.004003312000000037,observed_counterexample,64,733,6,0.008036507999999998
program-192,program,polynomial,counterexample,15,49,6,1,6,0.0,0.0,844,13,unknown,0.003999486000000552,observed_counterexample,64,914,6,0.0079974199999997
program-193,program,polynomial,stable,15,49,6,1,,0.0,0.0,1240,14,stable,0.004006146000000044,unknown,64,1522,,0.01199142799999997
program-194,program,polynomial,counterexample,15,49,6,1,6,0.0,0.0,960,15,unknown,0.0,observed_counterexample,64,1137,6,0.011992159000000058
program-195,program,polynomial,counterexample,15,49,6,1,6,0.0,0.0,903,14,unknown,0.0,observed_counterexample,64,1124,6,0.011995763999999909
program-196,program,polynomial,counterexample,15,49,6,1,6,0.0,0.0,961,15,unknown,0.0,observed_counterexample,64,1283,6,0.011950788000000045
program-197,program,polynomial,counterexample,15,49,6,1,6,0.0,0.0,902,14,unknown,0.003999515999999481,observed_counterexample,64,929,6,0.007998922000000519
program-198,program,polynomial,counterexample,15,49,6,1,6,0.0,0.003923062999999338,844,13,unknown,0.0,observed_counterexample,64,1176,6,0.011995915000000856
program-199,program,polynomial,counterexample,15,49,6,1,6,0.0,0.0,960,15,unknown,0.0,observed_counterexample,64,1757,6,0.015972507000000746
