id,change,status,minimum
ambiguity-00,relax_b,stable,
ambiguity-00,zero_floor,stable,
ambiguity-00,k2,stable,
ambiguity-01,relax_b,stable,
ambiguity-01,zero_floor,stable,
ambiguity-01,k2,stable,
ambiguity-02,relax_b,stable,
ambiguity-02,zero_floor,stable,
ambiguity-02,k2,stable,
ambiguity-03,relax_b,stable,
ambiguity-03,zero_floor,stable,
ambiguity-03,k2,stable,
ambiguity-04,relax_b,stable,
ambiguity-04,zero_floor,stable,
ambiguity-04,k2,stable,
ambiguity-05,relax_b,stable,
ambiguity-05,zero_floor,stable,
ambiguity-05,k2,stable,
ambiguity-06,relax_b,stable,
ambiguity-06,zero_floor,stable,
ambiguity-06,k2,stable,
ambiguity-07,relax_b,stable,
ambiguity-07,zero_floor,stable,
ambiguity-07,k2,stable,
ambiguity-08,relax_b,stable,
ambiguity-08,zero_floor,stable,
ambiguity-08,k2,stable,
ambiguity-09,relax_b,stable,
ambiguity-09,zero_floor,stable,
ambiguity-09,k2,stable,
ambiguity-10,relax_b,stable,
ambiguity-10,zero_floor,stable,
ambiguity-10,k2,stable,
ambiguity-11,relax_b,stable,
ambiguity-11,zero_floor,stable,
ambiguity-11,k2,stable,
ambiguity-12,relax_b,stable,
ambiguity-12,zero_floor,stable,
ambiguity-12,k2,stable,
ambiguity-13,relax_b,stable,
ambiguity-13,zero_floor,stable,
ambiguity-13,k2,stable,
ambiguity-14,relax_b,stable,
ambiguity-14,zero_floor,stable,
ambiguity-14,k2,stable,
ambiguity-15,relax_b,stable,
ambiguity-15,zero_floor,stable,
ambiguity-15,k2,stable,
ambiguity-16,relax_b,stable,
ambiguity-16,zero_floor,stable,
ambiguity-16,k2,stable,
ambiguity-17,relax_b,stable,
ambiguity-17,zero_floor,stable,
ambiguity-17,k2,stable,
ambiguity-18,relax_b,stable,
ambiguity-18,zero_floor,stable,
ambiguity-18,k2,stable,
ambiguity-19,relax_b,stable,
ambiguity-19,zero_floor,stable,
ambiguity-19,k2,stable,
ambiguity-20,relax_b,stable,
ambiguity-20,zero_floor,stable,
ambiguity-20,k2,stable,
ambiguity-21,relax_b,stable,
ambiguity-21,zero_floor,stable,
ambiguity-21,k2,stable,
ambiguity-22,relax_b,stable,
ambiguity-22,zero_floor,stable,
ambiguity-22,k2,stable,
ambiguity-23,relax_b,stable,
ambiguity-23,zero_floor,stable,
ambiguity-23,k2,stable,
ambiguity-24,relax_b,stable,
ambiguity-24,zero_floor,stable,
ambiguity-24,k2,stable,
ambiguity-25,relax_b,stable,
ambiguity-25,zero_floor,stable,
ambiguity-25,k2,stable,
ambiguity-26,relax_b,stable,
ambiguity-26,zero_floor,stable,
ambiguity-26,k2,stable,
ambiguity-27,relax_b,stable,
ambiguity-27,zero_floor,stable,
ambiguity-27,k2,stable,
ambiguity-28,relax_b,stable,
ambiguity-28,zero_floor,stable,
ambiguity-28,k2,stable,
ambiguity-29,relax_b,stable,
ambiguity-29,zero_floor,stable,
ambiguity-29,k2,stable,
ambiguity-30,relax_b,stable,
ambiguity-30,zero_floor,stable,
ambiguity-30,k2,stable,
ambiguity-31,relax_b,stable,
ambiguity-31,zero_floor,stable,
ambiguity-31,k2,stable,
ambiguity-32,relax_b,stable,
ambiguity-32,zero_floor,stable,
ambiguity-32,k2,stable,
ambiguity-33,relax_b,stable,
ambiguity-33,zero_floor,stable,
ambiguity-33,k2,stable,
ambiguity-34,relax_b,stable,
ambiguity-34,zero_floor,stable,
ambiguity-34,k2,stable,
ambiguity-35,relax_b,stable,
ambiguity-35,zero_floor,stable,
ambiguity-35,k2,stable,
ambiguity-36,relax_b,stable,
ambiguity-36,zero_floor,stable,
ambiguity-36,k2,stable,
ambiguity-37,relax_b,stable,
ambiguity-37,zero_floor,stable,
ambiguity-37,k2,stable,
ambiguity-38,relax_b,stable,
ambiguity-38,zero_floor,stable,
ambiguity-38,k2,stable,
ambiguity-39,relax_b,stable,
ambiguity-39,zero_floor,stable,
ambiguity-39,k2,stable,
fixture-00,relax_b,counterexample,2
fixture-00,zero_floor,stable,
fixture-00,k2,stable,
fixture-01,relax_b,counterexample,2
fixture-01,zero_floor,counterexample,2
fixture-01,k2,stable,
fixture-02,relax_b,counterexample,3
fixture-02,zero_floor,counterexample,4
fixture-02,k2,stable,
fixture-03,relax_b,counterexample,20
fixture-03,zero_floor,counterexample,20
fixture-03,k2,stable,
fixture-04,relax_b,stable,
fixture-04,zero_floor,stable,
fixture-04,k2,stable,
fixture-05,relax_b,stable,
fixture-05,zero_floor,stable,
fixture-05,k2,stable,
fixture-06,relax_b,counterexample,1
fixture-06,zero_floor,stable,
fixture-06,k2,stable,
fixture-07,relax_b,stable,
fixture-07,zero_floor,stable,
fixture-07,k2,stable,
fixture-08,relax_b,infeasible_policy,
fixture-08,zero_floor,infeasible_policy,
fixture-08,k2,infeasible_policy,
fixture-09,relax_b,stable,
fixture-09,zero_floor,stable,
fixture-09,k2,stable,
fixture-10,relax_b,stable,
fixture-10,zero_floor,stable,
fixture-10,k2,stable,
fixture-11,relax_b,stable,
fixture-11,zero_floor,stable,
fixture-11,k2,stable,
fixture-12,relax_b,counterexample,1
fixture-12,zero_floor,stable,
fixture-12,k2,stable,
fixture-13,relax_b,stable,
fixture-13,zero_floor,stable,
fixture-13,k2,stable,
fixture-14,relax_b,counterexample,0
fixture-14,zero_floor,counterexample,0
fixture-14,k2,stable,
fixture-15,relax_b,stable,
fixture-15,zero_floor,stable,
fixture-15,k2,stable,
fixture-15,k3,stable,
fixture-16,relax_b,infeasible_policy,
fixture-16,zero_floor,infeasible_policy,
fixture-16,k2,infeasible_policy,
fixture-17,relax_b,stable,
fixture-17,zero_floor,stable,
fixture-17,k2,stable,
fixture-18,relax_b,stable,
fixture-18,zero_floor,stable,
fixture-18,k2,stable,
fixture-19,relax_b,counterexample,0
fixture-19,zero_floor,counterexample,0
fixture-19,k2,stable,
program-000,relax_b,counterexample,6
program-000,zero_floor,counterexample,6
program-000,k2,counterexample,6
program-000,k3,counterexample,6
program-001,relax_b,counterexample,6
program-001,zero_floor,counterexample,6
program-001,k2,counterexample,6
program-001,k3,counterexample,6
program-002,relax_b,counterexample,6
program-002,zero_floor,counterexample,6
program-002,k2,counterexample,6
program-002,k3,counterexample,6
program-003,relax_b,counterexample,6
program-003,zero_floor,counterexample,6
program-003,k2,counterexample,6
program-003,k3,counterexample,6
program-004,relax_b,counterexample,6
program-004,zero_floor,counterexample,6
program-004,k2,counterexample,6
program-004,k3,counterexample,6
program-005,relax_b,counterexample,6
program-005,zero_floor,counterexample,6
program-005,k2,counterexample,6
program-005,k3,counterexample,6
program-006,relax_b,counterexample,6
program-006,zero_floor,counterexample,6
program-006,k2,counterexample,6
program-006,k3,counterexample,6
program-007,relax_b,counterexample,6
program-007,zero_floor,counterexample,6
program-007,k2,counterexample,6
program-007,k3,counterexample,6
program-008,relax_b,counterexample,6
program-008,zero_floor,counterexample,6
program-008,k2,counterexample,6
program-008,k3,counterexample,6
program-009,relax_b,counterexample,6
program-009,zero_floor,counterexample,6
program-009,k2,counterexample,6
program-009,k3,counterexample,6
program-010,relax_b,counterexample,6
program-010,zero_floor,counterexample,6
program-010,k2,counterexample,6
program-010,k3,counterexample,6
program-011,relax_b,counterexample,6
program-011,zero_floor,counterexample,6
program-011,k2,counterexample,6
program-011,k3,counterexample,6
program-012,relax_b,counterexample,6
program-012,zero_floor,counterexample,6
program-012,k2,counterexample,6
program-012,k3,counterexample,6
program-013,relax_b,counterexample,6
program-013,zero_floor,counterexample,6
program-013,k2,counterexample,6
program-013,k3,counterexample,6
program-014,relax_b,counterexample,6
program-014,zero_floor,counterexample,6
program-014,k2,counterexample,6
program-014,k3,counterexample,6
program-015,relax_b,counterexample,6
program-015,zero_floor,counterexample,6
program-015,k2,counterexample,6
program-015,k3,counterexample,6
program-016,relax_b,counterexample,6
program-016,zero_floor,stable,
program-016,k2,counterexample,6
program-016,k3,counterexample,6
program-017,relax_b,counterexample,6
program-017,zero_floor,counterexample,6
program-017,k2,counterexample,6
program-017,k3,counterexample,6
program-018,relax_b,counterexample,6
program-018,zero_floor,stable,
program-018,k2,counterexample,6
program-018,k3,counterexample,6
program-019,relax_b,counterexample,6
program-019,zero_floor,stable,
program-019,k2,counterexample,6
program-019,k3,counterexample,6
program-020,relax_b,counterexample,6
program-020,zero_floor,counterexample,6
program-020,k2,counterexample,6
program-020,k3,counterexample,6
program-021,relax_b,counterexample,6
program-021,zero_floor,stable,
program-021,k2,counterexample,6
program-021,k3,counterexample,6
program-022,relax_b,counterexample,6
program-022,zero_floor,counterexample,6
program-022,k2,counterexample,6
program-022,k3,counterexample,6
program-023,relax_b,counterexample,6
program-023,zero_floor,stable,
program-023,k2,counterexample,6
program-023,k3,counterexample,6
program-024,relax_b,counterexample,6
program-024,zero_floor,counterexample,6
program-024,k2,counterexample,6
program-024,k3,counterexample,6
program-025,relax_b,counterexample,6
program-025,zero_floor,stable,
program-025,k2,counterexample,6
program-025,k3,counterexample,6
program-026,relax_b,counterexample,6
program-026,zero_floor,stable,
program-026,k2,stable,
program-026,k3,stable,
program-027,relax_b,counterexample,6
program-027,zero_floor,stable,
program-027,k2,counterexample,6
program-027,k3,counterexample,6
program-028,relax_b,counterexample,6
program-028,zero_floor,counterexample,6
program-028,k2,counterexample,6
program-028,k3,counterexample,6
program-029,relax_b,counterexample,6
program-029,zero_floor,stable,
program-029,k2,stable,
program-029,k3,counterexample,6
program-030,relax_b,counterexample,6
program-030,zero_floor,counterexample,6
program-030,k2,counterexample,6
program-030,k3,counterexample,6
program-031,relax_b,counterexample,6
program-031,zero_floor,counterexample,6
program-031,k2,counterexample,6
program-031,k3,counterexample,6
program-032,relax_b,counterexample,6
program-032,zero_floor,counterexample,6
program-032,k2,counterexample,6
program-032,k3,counterexample,6
program-033,relax_b,counterexample,6
program-033,zero_floor,counterexample,6
program-033,k2,counterexample,6
program-033,k3,counterexample,6
program-034,relax_b,counterexample,6
program-034,zero_floor,stable,
program-034,k2,stable,
program-034,k3,counterexample,6
program-035,relax_b,counterexample,6
program-035,zero_floor,counterexample,6
program-035,k2,counterexample,6
program-035,k3,counterexample,6
program-036,relax_b,counterexample,6
program-036,zero_floor,counterexample,6
program-036,k2,counterexample,6
program-036,k3,counterexample,6
program-037,relax_b,counterexample,6
program-037,zero_floor,counterexample,6
program-037,k2,counterexample,6
program-037,k3,counterexample,6
program-038,relax_b,counterexample,6
program-038,zero_floor,counterexample,6
program-038,k2,counterexample,6
program-038,k3,counterexample,6
program-039,relax_b,counterexample,6
program-039,zero_floor,stable,
program-039,k2,stable,
program-039,k3,counterexample,6
program-040,relax_b,counterexample,6
program-040,zero_floor,counterexample,6
program-040,k2,counterexample,6
program-040,k3,counterexample,6
program-041,relax_b,counterexample,6
program-041,zero_floor,counterexample,6
program-041,k2,counterexample,6
program-041,k3,counterexample,6
program-042,relax_b,counterexample,6
program-042,zero_floor,counterexample,6
program-042,k2,counterexample,6
program-042,k3,counterexample,6
program-043,relax_b,counterexample,6
program-043,zero_floor,counterexample,6
program-043,k2,counterexample,6
program-043,k3,counterexample,6
program-044,relax_b,counterexample,6
program-044,zero_floor,counterexample,6
program-044,k2,counterexample,6
program-044,k3,counterexample,6
program-045,relax_b,counterexample,6
program-045,zero_floor,counterexample,6
program-045,k2,counterexample,6
program-045,k3,counterexample,6
program-046,relax_b,counterexample,6
program-046,zero_floor,counterexample,6
program-046,k2,counterexample,6
program-046,k3,counterexample,6
program-047,relax_b,counterexample,6
program-047,zero_floor,counterexample,6
program-047,k2,counterexample,6
program-047,k3,counterexample,6
program-048,relax_b,counterexample,6
program-048,zero_floor,counterexample,6
program-048,k2,counterexample,6
program-048,k3,counterexample,6
program-049,relax_b,counterexample,6
program-049,zero_floor,counterexample,6
program-049,k2,counterexample,6
program-049,k3,counterexample,6
program-050,relax_b,counterexample,6
program-050,zero_floor,counterexample,6
program-050,k2,counterexample,6
program-050,k3,counterexample,6
program-051,relax_b,counterexample,6
program-051,zero_floor,counterexample,6
program-051,k2,counterexample,6
program-051,k3,counterexample,6
program-052,relax_b,counterexample,6
program-052,zero_floor,counterexample,6
program-052,k2,counterexample,6
program-052,k3,counterexample,6
program-053,relax_b,counterexample,6
program-053,zero_floor,counterexample,6
program-053,k2,counterexample,6
program-053,k3,counterexample,6
program-054,relax_b,counterexample,6
program-054,zero_floor,counterexample,6
program-054,k2,counterexample,6
program-054,k3,counterexample,6
program-055,relax_b,counterexample,6
program-055,zero_floor,counterexample,6
program-055,k2,counterexample,6
program-055,k3,counterexample,6
program-056,relax_b,counterexample,6
program-056,zero_floor,counterexample,6
program-056,k2,counterexample,6
program-056,k3,counterexample,6
program-057,relax_b,counterexample,6
program-057,zero_floor,counterexample,6
program-057,k2,counterexample,6
program-057,k3,counterexample,6
program-058,relax_b,counterexample,6
program-058,zero_floor,counterexample,6
program-058,k2,counterexample,6
program-058,k3,counterexample,6
program-059,relax_b,counterexample,6
program-059,zero_floor,counterexample,6
program-059,k2,counterexample,6
program-059,k3,counterexample,6
program-060,relax_b,counterexample,6
program-060,zero_floor,counterexample,6
program-060,k2,counterexample,6
program-060,k3,counterexample,6
program-061,relax_b,counterexample,6
program-061,zero_floor,stable,
program-061,k2,counterexample,6
program-061,k3,counterexample,6
program-062,relax_b,counterexample,6
program-062,zero_floor,counterexample,6
program-062,k2,counterexample,6
program-062,k3,counterexample,6
program-063,relax_b,counterexample,6
program-063,zero_floor,stable,
program-063,k2,counterexample,6
program-063,k3,counterexample,6
program-064,relax_b,counterexample,6
program-064,zero_floor,counterexample,6
program-064,k2,counterexample,6
program-064,k3,counterexample,6
program-065,relax_b,counterexample,6
program-065,zero_floor,stable,
program-065,k2,stable,
program-065,k3,counterexample,6
program-066,relax_b,counterexample,6
program-066,zero_floor,counterexample,6
program-066,k2,counterexample,6
program-066,k3,counterexample,6
program-067,relax_b,counterexample,6
program-067,zero_floor,counterexample,6
program-067,k2,counterexample,6
program-067,k3,counterexample,6
program-068,relax_b,counterexample,6
program-068,zero_floor,stable,
program-068,k2,counterexample,6
program-068,k3,counterexample,6
program-069,relax_b,counterexample,6
program-069,zero_floor,stable,
program-069,k2,counterexample,6
program-069,k3,stable,
program-070,relax_b,counterexample,6
program-070,zero_floor,counterexample,6
program-070,k2,counterexample,6
program-070,k3,counterexample,6
program-071,relax_b,counterexample,6
program-071,zero_floor,stable,
program-071,k2,stable,
program-071,k3,counterexample,6
program-072,relax_b,counterexample,6
program-072,zero_floor,counterexample,6
program-072,k2,counterexample,6
program-072,k3,counterexample,6
program-073,relax_b,counterexample,6
program-073,zero_floor,counterexample,6
program-073,k2,counterexample,6
program-073,k3,counterexample,6
program-074,relax_b,counterexample,6
program-074,zero_floor,stable,
program-074,k2,counterexample,6
program-074,k3,counterexample,6
program-075,relax_b,counterexample,6
program-075,zero_floor,counterexample,6
program-075,k2,counterexample,6
program-075,k3,counterexample,6
program-076,relax_b,counterexample,6
program-076,zero_floor,counterexample,6
program-076,k2,counterexample,6
program-076,k3,counterexample,6
program-077,relax_b,counterexample,6
program-077,zero_floor,stable,
program-077,k2,counterexample,6
program-077,k3,counterexample,6
program-078,relax_b,counterexample,6
program-078,zero_floor,stable,
program-078,k2,counterexample,6
program-078,k3,counterexample,6
program-079,relax_b,counterexample,6
program-079,zero_floor,counterexample,6
program-079,k2,counterexample,6
program-079,k3,counterexample,6
program-080,relax_b,counterexample,6
program-080,zero_floor,stable,
program-080,k2,counterexample,6
program-080,k3,counterexample,6
program-081,relax_b,counterexample,6
program-081,zero_floor,counterexample,6
program-081,k2,counterexample,6
program-081,k3,counterexample,6
program-082,relax_b,counterexample,6
program-082,zero_floor,counterexample,6
program-082,k2,counterexample,6
program-082,k3,counterexample,6
program-083,relax_b,counterexample,6
program-083,zero_floor,counterexample,6
program-083,k2,counterexample,6
program-083,k3,counterexample,6
program-084,relax_b,counterexample,6
program-084,zero_floor,counterexample,6
program-084,k2,counterexample,6
program-084,k3,counterexample,6
program-085,relax_b,counterexample,6
program-085,zero_floor,counterexample,6
program-085,k2,counterexample,6
program-085,k3,counterexample,6
program-086,relax_b,counterexample,6
program-086,zero_floor,stable,
program-086,k2,counterexample,6
program-086,k3,counterexample,6
program-087,relax_b,counterexample,6
program-087,zero_floor,counterexample,6
program-087,k2,counterexample,6
program-087,k3,counterexample,6
program-088,relax_b,counterexample,6
program-088,zero_floor,counterexample,6
program-088,k2,counterexample,6
program-088,k3,counterexample,6
program-089,relax_b,counterexample,6
program-089,zero_floor,counterexample,6
program-089,k2,counterexample,6
program-089,k3,counterexample,6
program-090,relax_b,counterexample,6
program-090,zero_floor,stable,
program-090,k2,counterexample,6
program-090,k3,counterexample,6
program-091,relax_b,counterexample,6
program-091,zero_floor,counterexample,6
program-091,k2,counterexample,6
program-091,k3,counterexample,6
program-092,relax_b,counterexample,6
program-092,zero_floor,stable,
program-092,k2,counterexample,6
program-092,k3,counterexample,6
program-093,relax_b,counterexample,6
program-093,zero_floor,counterexample,6
program-093,k2,counterexample,6
program-093,k3,counterexample,6
program-094,relax_b,counterexample,6
program-094,zero_floor,counterexample,6
program-094,k2,counterexample,6
program-094,k3,counterexample,6
program-095,relax_b,counterexample,6
program-095,zero_floor,counterexample,6
program-095,k2,counterexample,6
program-095,k3,counterexample,6
program-096,relax_b,counterexample,6
program-096,zero_floor,counterexample,6
program-096,k2,counterexample,6
program-096,k3,counterexample,6
program-097,relax_b,counterexample,6
program-097,zero_floor,counterexample,6
program-097,k2,counterexample,6
program-097,k3,counterexample,6
program-098,relax_b,counterexample,6
program-098,zero_floor,counterexample,6
program-098,k2,counterexample,6
program-098,k3,counterexample,6
program-099,relax_b,counterexample,6
program-099,zero_floor,counterexample,6
program-099,k2,counterexample,6
program-099,k3,counterexample,6
program-100,relax_b,counterexample,6
program-100,zero_floor,stable,
program-100,k2,counterexample,6
program-100,k3,counterexample,6
program-101,relax_b,counterexample,6
program-101,zero_floor,counterexample,6
program-101,k2,counterexample,6
program-101,k3,counterexample,6
program-102,relax_b,counterexample,6
program-102,zero_floor,counterexample,6
program-102,k2,counterexample,6
program-102,k3,counterexample,6
program-103,relax_b,counterexample,6
program-103,zero_floor,counterexample,6
program-103,k2,counterexample,6
program-103,k3,counterexample,6
program-104,relax_b,counterexample,6
program-104,zero_floor,counterexample,6
program-104,k2,counterexample,6
program-104,k3,counterexample,6
program-105,relax_b,counterexample,6
program-105,zero_floor,stable,
program-105,k2,counterexample,6
program-105,k3,counterexample,6
program-106,relax_b,counterexample,6
program-106,zero_floor,stable,
program-106,k2,counterexample,6
program-106,k3,counterexample,6
program-107,relax_b,counterexample,6
program-107,zero_floor,counterexample,6
program-107,k2,counterexample,6
program-107,k3,counterexample,6
program-108,relax_b,counterexample,6
program-108,zero_floor,counterexample,6
program-108,k2,counterexample,6
program-108,k3,counterexample,6
program-109,relax_b,counterexample,6
program-109,zero_floor,counterexample,6
program-109,k2,counterexample,6
program-109,k3,counterexample,6
program-110,relax_b,counterexample,6
program-110,zero_floor,counterexample,6
program-110,k2,counterexample,6
program-110,k3,counterexample,6
program-111,relax_b,counterexample,6
program-111,zero_floor,stable,
program-111,k2,counterexample,6
program-111,k3,counterexample,6
program-112,relax_b,counterexample,6
program-112,zero_floor,stable,
program-112,k2,counterexample,6
program-112,k3,counterexample,6
program-113,relax_b,counterexample,6
program-113,zero_floor,counterexample,6
program-113,k2,counterexample,6
program-113,k3,counterexample,6
program-114,relax_b,counterexample,6
program-114,zero_floor,counterexample,6
program-114,k2,counterexample,6
program-114,k3,counterexample,6
program-115,relax_b,counterexample,6
program-115,zero_floor,counterexample,6
program-115,k2,counterexample,6
program-115,k3,counterexample,6
program-116,relax_b,counterexample,6
program-116,zero_floor,counterexample,6
program-116,k2,counterexample,6
program-116,k3,counterexample,6
program-117,relax_b,counterexample,6
program-117,zero_floor,counterexample,6
program-117,k2,counterexample,6
program-117,k3,counterexample,6
program-118,relax_b,counterexample,6
program-118,zero_floor,stable,
program-118,k2,counterexample,6
program-118,k3,counterexample,6
program-119,relax_b,counterexample,6
program-119,zero_floor,stable,
program-119,k2,counterexample,6
program-119,k3,counterexample,6
program-120,relax_b,counterexample,6
program-120,zero_floor,counterexample,6
program-120,k2,counterexample,6
program-120,k3,counterexample,6
program-121,relax_b,counterexample,6
program-121,zero_floor,counterexample,6
program-121,k2,counterexample,6
program-121,k3,counterexample,6
program-122,relax_b,counterexample,6
program-122,zero_floor,stable,
program-122,k2,counterexample,6
program-122,k3,counterexample,6
program-123,relax_b,counterexample,6
program-123,zero_floor,counterexample,6
program-123,k2,counterexample,6
program-123,k3,counterexample,6
program-124,relax_b,counterexample,6
program-124,zero_floor,counterexample,6
program-124,k2,counterexample,6
program-124,k3,counterexample,6
program-125,relax_b,counterexample,6
program-125,zero_floor,counterexample,6
program-125,k2,counterexample,6
program-125,k3,counterexample,6
program-126,relax_b,counterexample,6
program-126,zero_floor,stable,
program-126,k2,counterexample,6
program-126,k3,counterexample,6
program-127,relax_b,counterexample,6
program-127,zero_floor,counterexample,6
program-127,k2,counterexample,6
program-127,k3,counterexample,6
program-128,relax_b,counterexample,6
program-128,zero_floor,counterexample,6
program-128,k2,counterexample,6
program-128,k3,counterexample,6
program-129,relax_b,counterexample,6
program-129,zero_floor,counterexample,6
program-129,k2,counterexample,6
program-129,k3,counterexample,6
program-130,relax_b,counterexample,6
program-130,zero_floor,counterexample,6
program-130,k2,counterexample,6
program-130,k3,counterexample,6
program-131,relax_b,counterexample,6
program-131,zero_floor,counterexample,6
program-131,k2,counterexample,6
program-131,k3,counterexample,6
program-132,relax_b,counterexample,6
program-132,zero_floor,counterexample,6
program-132,k2,counterexample,6
program-132,k3,counterexample,6
program-133,relax_b,counterexample,6
program-133,zero_floor,counterexample,6
program-133,k2,counterexample,6
program-133,k3,counterexample,6
program-134,relax_b,counterexample,6
program-134,zero_floor,stable,
program-134,k2,counterexample,6
program-134,k3,counterexample,6
program-135,relax_b,counterexample,6
program-135,zero_floor,counterexample,6
program-135,k2,counterexample,6
program-135,k3,counterexample,6
program-136,relax_b,counterexample,6
program-136,zero_floor,stable,
program-136,k2,counterexample,6
program-136,k3,counterexample,6
program-137,relax_b,counterexample,6
program-137,zero_floor,counterexample,6
program-137,k2,counterexample,6
program-137,k3,counterexample,6
program-138,relax_b,counterexample,6
program-138,zero_floor,stable,
program-138,k2,counterexample,6
program-138,k3,counterexample,6
program-139,relax_b,counterexample,6
program-139,zero_floor,counterexample,6
program-139,k2,counterexample,6
program-139,k3,counterexample,6
program-140,relax_b,counterexample,6
program-140,zero_floor,counterexample,6
program-140,k2,counterexample,6
program-140,k3,counterexample,6
program-141,relax_b,counterexample,6
program-141,zero_floor,counterexample,6
program-141,k2,counterexample,6
program-141,k3,counterexample,6
program-142,relax_b,counterexample,6
program-142,zero_floor,stable,
program-142,k2,counterexample,6
program-142,k3,counterexample,6
program-143,relax_b,counterexample,6
program-143,zero_floor,counterexample,6
program-143,k2,counterexample,6
program-143,k3,counterexample,6
program-144,relax_b,counterexample,6
program-144,zero_floor,stable,
program-144,k2,counterexample,6
program-144,k3,counterexample,6
program-145,relax_b,counterexample,6
program-145,zero_floor,counterexample,6
program-145,k2,counterexample,6
program-145,k3,counterexample,6
program-146,relax_b,counterexample,6
program-146,zero_floor,counterexample,6
program-146,k2,counterexample,6
program-146,k3,counterexample,6
program-147,relax_b,counterexample,6
program-147,zero_floor,counterexample,6
program-147,k2,counterexample,6
program-147,k3,counterexample,6
program-148,relax_b,counterexample,6
program-148,zero_floor,counterexample,6
program-148,k2,counterexample,6
program-148,k3,counterexample,6
program-149,relax_b,counterexample,6
program-149,zero_floor,counterexample,6
program-149,k2,counterexample,6
program-149,k3,counterexample,6
program-150,relax_b,counterexample,6
program-150,zero_floor,counterexample,6
program-150,k2,counterexample,6
program-150,k3,counterexample,6
program-151,relax_b,counterexample,6
program-151,zero_floor,counterexample,6
program-151,k2,counterexample,6
program-151,k3,counterexample,6
program-152,relax_b,counterexample,6
program-152,zero_floor,stable,
program-152,k2,counterexample,6
program-152,k3,counterexample,6
program-153,relax_b,counterexample,6
program-153,zero_floor,counterexample,6
program-153,k2,counterexample,6
program-153,k3,counterexample,6
program-154,relax_b,counterexample,6
program-154,zero_floor,counterexample,6
program-154,k2,counterexample,6
program-154,k3,counterexample,6
program-155,relax_b,counterexample,6
program-155,zero_floor,counterexample,6
program-155,k2,counterexample,6
program-155,k3,counterexample,6
program-156,relax_b,counterexample,6
program-156,zero_floor,stable,
program-156,k2,counterexample,6
program-156,k3,counterexample,6
program-157,relax_b,counterexample,6
program-157,zero_floor,counterexample,6
program-157,k2,counterexample,6
program-157,k3,counterexample,6
program-158,relax_b,counterexample,6
program-158,zero_floor,stable,
program-158,k2,counterexample,6
program-158,k3,counterexample,6
program-159,relax_b,counterexample,6
program-159,zero_floor,counterexample,6
program-159,k2,counterexample,6
program-159,k3,counterexample,6
program-160,relax_b,counterexample,6
program-160,zero_floor,counterexample,6
program-160,k2,counterexample,6
program-160,k3,counterexample,6
program-161,relax_b,counterexample,6
program-161,zero_floor,stable,
program-161,k2,counterexample,6
program-161,k3,counterexample,6
program-162,relax_b,counterexample,6
program-162,zero_floor,counterexample,6
program-162,k2,counterexample,6
program-162,k3,counterexample,6
program-163,relax_b,counterexample,6
program-163,zero_floor,counterexample,6
program-163,k2,counterexample,6
program-163,k3,counterexample,6
program-164,relax_b,counterexample,6
program-164,zero_floor,counterexample,6
program-164,k2,counterexample,6
program-164,k3,counterexample,6
program-165,relax_b,counterexample,6
program-165,zero_floor,counterexample,6
program-165,k2,counterexample,6
program-165,k3,counterexample,6
program-166,relax_b,counterexample,6
program-166,zero_floor,counterexample,6
program-166,k2,counterexample,6
program-166,k3,counterexample,6
program-167,relax_b,counterexample,6
program-167,zero_floor,stable,
program-167,k2,counterexample,6
program-167,k3,counterexample,6
program-168,relax_b,counterexample,6
program-168,zero_floor,counterexample,6
program-168,k2,counterexample,6
program-168,k3,counterexample,6
program-169,relax_b,counterexample,6
program-169,zero_floor,counterexample,6
program-169,k2,counterexample,6
program-169,k3,counterexample,6
program-170,relax_b,counterexample,6
program-170,zero_floor,counterexample,6
program-170,k2,counterexample,6
program-170,k3,counterexample,6
program-171,relax_b,counterexample,6
program-171,zero_floor,counterexample,6
program-171,k2,counterexample,6
program-171,k3,counterexample,6
program-172,relax_b,counterexample,6
program-172,zero_floor,counterexample,6
program-172,k2,counterexample,6
program-172,k3,counterexample,6
program-173,relax_b,counterexample,6
program-173,zero_floor,counterexample,6
program-173,k2,counterexample,6
program-173,k3,counterexample,6
program-174,relax_b,counterexample,6
program-174,zero_floor,counterexample,6
program-174,k2,counterexample,6
program-174,k3,counterexample,6
program-175,relax_b,counterexample,6
program-175,zero_floor,counterexample,6
program-175,k2,counterexample,6
program-175,k3,counterexample,6
program-176,relax_b,counterexample,6
program-176,zero_floor,counterexample,6
program-176,k2,counterexample,6
program-176,k3,counterexample,6
program-177,relax_b,counterexample,6
program-177,zero_floor,stable,
program-177,k2,counterexample,6
program-177,k3,counterexample,6
program-178,relax_b,counterexample,6
program-178,zero_floor,counterexample,6
program-178,k2,stable,
program-178,k3,counterexample,6
program-179,relax_b,counterexample,6
program-179,zero_floor,counterexample,6
program-179,k2,counterexample,6
program-179,k3,counterexample,6
program-180,relax_b,counterexample,6
program-180,zero_floor,counterexample,6
program-180,k2,counterexample,6
program-180,k3,counterexample,6
program-181,relax_b,counterexample,6
program-181,zero_floor,counterexample,6
program-181,k2,counterexample,6
program-181,k3,counterexample,6
program-182,relax_b,counterexample,6
program-182,zero_floor,counterexample,6
program-182,k2,counterexample,6
program-182,k3,counterexample,6
program-183,relax_b,counterexample,6
program-183,zero_floor,counterexample,6
program-183,k2,counterexample,6
program-183,k3,counterexample,6
program-184,relax_b,counterexample,6
program-184,zero_floor,counterexample,6
program-184,k2,counterexample,6
program-184,k3,counterexample,6
program-185,relax_b,counterexample,6
program-185,zero_floor,counterexample,6
program-185,k2,counterexample,6
program-185,k3,counterexample,6
program-186,relax_b,counterexample,6
program-186,zero_floor,counterexample,6
program-186,k2,counterexample,6
program-186,k3,counterexample,6
program-187,relax_b,counterexample,6
program-187,zero_floor,counterexample,6
program-187,k2,counterexample,6
program-187,k3,counterexample,6
program-188,relax_b,counterexample,6
program-188,zero_floor,counterexample,6
program-188,k2,counterexample,6
program-188,k3,counterexample,6
program-189,relax_b,counterexample,6
program-189,zero_floor,counterexample,6
program-189,k2,counterexample,6
program-189,k3,counterexample,6
program-190,relax_b,counterexample,6
program-190,zero_floor,counterexample,6
program-190,k2,counterexample,6
program-190,k3,counterexample,6
program-191,relax_b,counterexample,6
program-191,zero_floor,counterexample,6
program-191,k2,counterexample,6
program-191,k3,counterexample,6
program-192,relax_b,counterexample,6
program-192,zero_floor,counterexample,6
program-192,k2,counterexample,6
program-192,k3,counterexample,6
program-193,relax_b,counterexample,6
program-193,zero_floor,stable,
program-193,k2,counterexample,6
program-193,k3,counterexample,6
program-194,relax_b,counterexample,6
program-194,zero_floor,counterexample,6
program-194,k2,counterexample,6
program-194,k3,counterexample,6
program-195,relax_b,counterexample,6
program-195,zero_floor,counterexample,6
program-195,k2,counterexample,6
program-195,k3,counterexample,6
program-196,relax_b,counterexample,6
program-196,zero_floor,counterexample,6
program-196,k2,counterexample,6
program-196,k3,counterexample,6
program-197,relax_b,counterexample,6
program-197,zero_floor,counterexample,6
program-197,k2,counterexample,6
program-197,k3,counterexample,6
program-198,relax_b,counterexample,6
program-198,zero_floor,counterexample,6
program-198,k2,counterexample,6
program-198,k3,counterexample,6
program-199,relax_b,counterexample,6
program-199,zero_floor,counterexample,6
program-199,k2,counterexample,6
program-199,k3,counterexample,6
