claim_id,claim,maturity,paper_location,proof_or_checker,source_or_test,raw_result,limit
C1,Every top-k set change is an insider/outsider crossing under the strict total order,hand-proved; exhaustive finite checks,Sections III-IV,proofs/model-and-proofs.md; src/checker.py,tests/exhaustive.py; tests/stress.py,results/exhaustive.json; results/stress.json,Not mechanically proved
C2,Real-pivot and floor-sentinel branches are sound and complete,hand-proved; regression and exhaustive checks,Section III,proofs/model-and-proofs.md; src/certify.py; src/checker.py,tests/zero-floor-tie.json; tests/semantics.py,results/semantics.json,Fixed comparable scores and max aggregation only
C3,Two crossing partition quotas reduce exactly to integral lower-bound circulation,hand-proved; finite checked,Section IV,proofs/model-and-proofs.md; src/certify.py; src/checker.py,tests/exhaustive.py; tests/stress.py,results/exhaustive.json; results/stress.json,Exactly two partition systems
C4,"Certificates prove nonvacuous stability, global minimum refuter size, or policy infeasibility",hand-proved; replay checked,Section IV,src/checker.py,tests/verify_all.py; tests/generated_oracle_audit.py,results/verification.json; results/generated-oracle-audit.json,"Checker is independently implemented, not formally verified"
C5,Three exact-quota partition feasibility is NP-complete,hand-proved; finite reduction-map check,Section V,proofs/model-and-proofs.md,tests/semantics.py,results/semantics.json,"Feasibility boundary, not a claim about typical instances"
C6,Arbitrary CNF membership yields NP-complete instability and coNP-complete stability under the feasible-policy promise,hand-proved; finite sanity check,Section V,proofs/model-and-proofs.md,tests/semantics.py,results/semantics.json,Boundary language rejected by executable schema
C7,Equal observed evidence can encode distinct designated correction origins,constructive proof; compiled controls,Section V,proofs/model-and-proofs.md; src/controls.py,tests/verify_all.py,results/verification.json,Not human evidence or a universal causal claim
C8,"12,288 exhaustive and 2,048 stress cases agree with independent subset semantics",finite checked,Sections VI-VII,src/oracle.py,tests/exhaustive.py; tests/stress.py,results/exhaustive.json; results/stress.json,Finite domains only
C9,"All 200 confirmatory generated cases agree under independent enumeration of 6,553,600 subsets",finite checked; confirmation separated from development,Sections VI-VII,tests/generated_oracle_audit.py,tests/protocol_audit.py,results/generated-oracle-audit.json; results/protocol-audit.json,"Ten controlled templates, not independent projects"
C10,"Generated outcomes are 45 stable and 155 refutable, all minimum size six",measured exact finite result,Section VII,tests/generated_oracle_audit.py,data/cases/program-*.json,results/generated-oracle-audit.json,No prevalence estimate
C11,Exact marginal intervals certify every stable generated program,measured negative comparison,Section VII,src/baselines.py,tests/check_tables.py,results/campaign/primary.csv; results/table-check.json,Shows no generated-workload stable-coverage advantage
C12,The result-blind public challenge contains 15 cases from five Defects4J projects and all are refutable,measured exact finite result,Sections VI-VII,src/external_cases.py; tests/external_matrices.py,external/selection-protocol.md; tests/protocol_audit.py,results/external-matrices.json; results/protocol-audit.json,Mutant-level surrogate locations and purposive versions
C13,Five representation-preserving transformations preserve outcomes on 512 cases,finite metamorphic check,Sections VI and VIII,tests/metamorphic.py,tests/metamorphic.py,results/metamorphic.json,Metamorphic agreement is not a proof
C14,"Stress, campaign, and public adversaries reject 26,989 invalid certificates: 25,463 stress variants, 1,436 variants generated from 260 primary certificates, and 90 public variants",finite targeted adversary checks,Sections VI-VII; appendix,src/checker.py,tests/stress.py; src/campaign.py; tests/external_matrices.py,results/stress.json; results/campaign/summary.json; results/external-matrices.json,"Targeted operators, not exhaustive security assurance"
C15,"Clean reproduction recompiles 220 C schemas, compares 2,463 scientific files and all non-timing operation counts, and detects a changed count",measured same-run reproduction,Section VI; appendix,tests/reproduce.py; tests/release_accounting.py,public_commands.json; tests/check_tables.py,results/clean-reproduction.json; results/release-reproduction-accounting.json; results/table-check.json,Compiler/platform binaries are not bitwise equality targets
C16,"All 61 manuscript references are cited, unique, live-resolved, and calibration counts are 12+5+5",live and offline audited,Sections VI and VIII,tests/reference_audit.py,literature/reference-live-audit.csv; literature-calibration.csv,results/reference-audit.json,Resolution date 2026-09-21; novelty remains external judgment
C17,Twelve-command release pass succeeds within recorded CPU/wall/RSS,measured release pass,Section VII; appendix,tests/release_accounting.py,public_commands.json,results/release-reproduction-accounting.json,Not whole research-lifetime accounting
C18,Strict schemas reject six non-list zero-length vector substitutions at producer and checker entry points (12 events) and two equal-valued noninteger branch labels,finite controlled regression,Section VI; appendix,src/certify.py; src/checker.py,tests/semantics.py,results/semantics.json; results/table-check.json,"Targeted type-confusion regressions, not exhaustive fuzzing"
N1,"Improved line-level localization accuracy, developer productivity, or mutation cost",not established,"Sections I, VII, VIII",,,,Explicitly excluded
N2,Journal acceptance or independent novelty validation,not established,Current-State and reviewer ledger,,,,Requires external peer review
