name,scholarly_or_official_url,license,access_date,resource_type,acquisition_method,integration_mode,supported_claim,internals_modified,access_granularity,bibliography_key
An Analysis and Survey of the Development of Mutation Testing,https://doi.org/10.1109/TSE.2010.62,source copyright; citation and analytical notes only; no source PDF redistributed,2026-09-15,complete-paper calibration: same venue,published article / author technical-report route,bibliographic citation; full-paper calibration comparison,Supplies the field boundary. It does not ask whether one top-k location set is invariant over every quota-feasible mutant subset.,no,"complete paper calibrated for problem, method/proof style, evidence/artifact pattern, narrative, and exact overlap/non-overlap",jia11survey
A Survey on Software Fault Localization,https://doi.org/10.1109/TSE.2016.2521368,source copyright; citation and analytical notes only; no source PDF redistributed,2026-09-15,complete-paper calibration: same venue,publisher full outline / full-paper route,bibliographic citation; full-paper calibration comparison,"Constrains our claims: ranking stability under a fixed matrix is not localization accuracy, developer usefulness, or a new suspiciousness family.",no,"complete paper calibrated for problem, method/proof style, evidence/artifact pattern, narrative, and exact overlap/non-overlap",wong16survey
Using Mutation Analysis for Assessing and Comparing Testing Coverage Criteria,https://doi.org/10.1109/TSE.2006.83,source copyright; citation and analytical notes only; no source PDF redistributed,2026-09-15,complete-paper calibration: same venue,published article / institutional full-text route,bibliographic citation; full-paper calibration comparison,Motivates caution about what mutation evidence represents. It provides no universal guarantee over quota-constrained samples.,no,"complete paper calibrated for problem, method/proof style, evidence/artifact pattern, narrative, and exact overlap/non-overlap",andrews06coverage
A Theoretical and Empirical Study of Diversity-Aware Mutation Adequacy Criterion,https://doi.org/10.1109/TSE.2017.2732347,source copyright; citation and analytical notes only; no source PDF redistributed,2026-09-15,complete-paper calibration: same venue,published article / author replication route,bibliographic citation; full-paper calibration comparison,Its selected object is a test suite and its objective is adequacy/diversity. Our selected object is a mutant subset and our predicate is invariance of a fixed location set.,no,"complete paper calibrated for problem, method/proof style, evidence/artifact pattern, narrative, and exact overlap/non-overlap",shin18diversity
Detecting Trivial Mutant Equivalences via Compiler Optimisations,https://doi.org/10.1109/TSE.2017.2684805,source copyright; citation and analytical notes only; no source PDF redistributed,2026-09-15,complete-paper calibration: same venue,author full text,bibliographic citation; full-paper calibration comparison,"Column equality or compiler equivalence alone does not preserve crossing group identities, forced membership, or quota feasibility in our model.",no,"complete paper calibrated for problem, method/proof style, evidence/artifact pattern, narrative, and exact overlap/non-overlap",kintis18tce
Predictive Mutation Testing,https://doi.org/10.1109/TSE.2018.2809496,source copyright; citation and analytical notes only; no source PDF redistributed,2026-09-15,complete-paper calibration: same venue,UCL accepted manuscript,bibliographic citation; full-paper calibration comparison,It addresses acquisition cost by estimating missing outcomes. Our certificate assumes the entire declared matrix is fixed and exact; uncertain columns would require a different contract.,no,"complete paper calibrated for problem, method/proof style, evidence/artifact pattern, narrative, and exact overlap/non-overlap",zhang19predictive
Sentinel: A Hyper-Heuristic for the Generation of Mutant Reduction Strategies,https://doi.org/10.1109/TSE.2020.3002496,source copyright; citation and analytical notes only; no source PDF redistributed,2026-09-15,complete-paper calibration: same venue,arXiv full text / published metadata,bibliographic citation; full-paper calibration comparison,Sentinel optimizes reduction quality empirically. It does not certify that every policy-feasible sample preserves a supplied localization report.,no,"complete paper calibrated for problem, method/proof style, evidence/artifact pattern, narrative, and exact overlap/non-overlap",guizzo22sentinel
Cerebro: Static Subsuming Mutant Selection,https://doi.org/10.1109/TSE.2022.3140510,source copyright; citation and analytical notes only; no source PDF redistributed,2026-09-15,complete-paper calibration: same venue,open publisher postprint,bibliographic citation; full-paper calibration comparison,Subsuming-mutant selection pursues testing strength and cost. Our identity-sensitive quota predicate may be broken by merging behaviorally identical mutants.,no,"complete paper calibrated for problem, method/proof style, evidence/artifact pattern, narrative, and exact overlap/non-overlap",garg23cerebro
An Empirical Study of Fault Localization Families and Their Combinations,https://doi.org/10.1109/TSE.2019.2892102,source copyright; citation and analytical notes only; no source PDF redistributed,2026-09-15,complete-paper calibration: same venue,author full text and tool route,bibliographic citation; full-paper calibration comparison,Provides the appropriate effectiveness context. Our work fixes one score and offers no evidence of superior fault-location accuracy.,no,"complete paper calibrated for problem, method/proof style, evidence/artifact pattern, narrative, and exact overlap/non-overlap",zou21families
Historical Spectrum Based Fault Localization,https://doi.org/10.1109/TSE.2019.2948158,source copyright; citation and analytical notes only; no source PDF redistributed,2026-09-15,complete-paper calibration: same venue,institutional accepted-manuscript route,bibliographic citation; full-paper calibration comparison,Changes the evidence and ranking method to improve effectiveness. We hold both fixed and certify robustness only over a declared sample family.,no,"complete paper calibrated for problem, method/proof style, evidence/artifact pattern, narrative, and exact overlap/non-overlap",wen21historical
Overcoming the Equivalent Mutant Problem: A Systematic Literature Review and a Comparative Experiment of Second Order Mutation,https://doi.org/10.1109/TSE.2013.44,source copyright; citation and analytical notes only; no source PDF redistributed,2026-09-15,complete-paper calibration: same venue,author full-text route,bibliographic citation; full-paper calibration comparison,Supports the warning that mutant equivalence is a separate semantic/cost issue. Our checker neither detects equivalence nor treats survival as proof of equivalence.,no,"complete paper calibrated for problem, method/proof style, evidence/artifact pattern, narrative, and exact overlap/non-overlap",madeyski14equivalent
The ManyBugs and IntroClass Benchmarks for Automated Repair of C Programs,https://doi.org/10.1109/TSE.2015.2454513,source copyright; citation and analytical notes only; no source PDF redistributed,2026-09-15,complete-paper calibration: same venue,published article / benchmark route,bibliographic citation; full-paper calibration comparison,Shows what a real-defect evaluation would require. Our owned generated C schemas provide pipeline assurance but are not a substitute for such a benchmark.,no,"complete paper calibrated for problem, method/proof style, evidence/artifact pattern, narrative, and exact overlap/non-overlap",legoues15manybugs
Hints on Test Data Selection: Help for the Practicing Programmer,https://doi.org/10.1109/C-M.1978.218136,source copyright; citation and analytical notes only; no source PDF redistributed,2026-09-15,complete-paper calibration: influential,publisher record / full-paper route,bibliographic citation; full-paper calibration comparison,Historical foundation only; it neither defines mutant-sampling quotas nor a checkable ranking-stability proposition.,no,"complete paper calibrated for problem, method/proof style, evidence/artifact pattern, narrative, and exact overlap/non-overlap",demillo78
Empirical Evaluation of the Tarantula Automatic Fault-Localization Technique,https://doi.org/10.1145/1101908.1101949,source copyright; citation and analytical notes only; no source PDF redistributed,2026-09-15,complete-paper calibration: influential,ACM full-text route,bibliographic citation; full-paper calibration comparison,"Defines a landmark ranking context. Our squared-Ochiai mutant score and maximum aggregation are fixed inputs, not a proposed successor to Tarantula.",no,"complete paper calibrated for problem, method/proof style, evidence/artifact pattern, narrative, and exact overlap/non-overlap",jones05tarantula
On the Accuracy of Spectrum-Based Fault Localization,https://doi.org/10.1109/TAIC.PART.2007.13,source copyright; citation and analytical notes only; no source PDF redistributed,2026-09-15,complete-paper calibration: influential,publisher/author full-text route,bibliographic citation; full-paper calibration comparison,Supplies the score family we freeze. It does not address sample-family quantification or certificate checking.,no,"complete paper calibrated for problem, method/proof style, evidence/artifact pattern, narrative, and exact overlap/non-overlap",abreu07ochiai
Metallaxis-FL: Mutation-Based Fault Localization,https://doi.org/10.1002/stvr.1509,source copyright; citation and analytical notes only; no source PDF redistributed,2026-09-15,complete-paper calibration: influential,publisher full text,bibliographic citation; full-paper calibration comparison,"The closest application lineage. We preserve its kind of mutant evidence but study a post-hoc universal robustness question, not a new localization score.",no,"complete paper calibrated for problem, method/proof style, evidence/artifact pattern, narrative, and exact overlap/non-overlap",metallaxis
Ask the Mutants: Mutating Faulty Programs for Fault Localization,https://doi.org/10.1109/ICST.2014.28,source copyright; citation and analytical notes only; no source PDF redistributed,2026-09-15,complete-paper calibration: influential,publisher/author full-text route,bibliographic citation; full-paper calibration comparison,Demonstrates that mutation-localization semantics differ across methods. Our certificate is tied to the supplied binary kill matrix and does not generalize to repair-oriented observations.,no,"complete paper calibrated for problem, method/proof style, evidence/artifact pattern, narrative, and exact overlap/non-overlap",moon14muse
Evaluating and Improving Fault Localization,https://doi.org/10.1109/ICSE.2017.62,source copyright; citation and analytical notes only; no source PDF redistributed,2026-09-15,complete-paper calibration: adjacent venue,author full text,bibliographic citation; full-paper calibration comparison,Directly motivates our narrow nonclaims: finite ranking invariance cannot be interpreted as real-fault effectiveness.,no,"complete paper calibrated for problem, method/proof style, evidence/artifact pattern, narrative, and exact overlap/non-overlap",pearson17
Transforming Programs and Tests in Tandem for Fault Localization,https://doi.org/10.1145/3133916,source copyright; citation and analytical notes only; no source PDF redistributed,2026-09-15,complete-paper calibration: adjacent venue,ACM full text,bibliographic citation; full-paper calibration comparison,"Changes program/test evidence to improve ranking. Our problem is post-observation and leaves programs, tests and scores unchanged.",no,"complete paper calibrated for problem, method/proof style, evidence/artifact pattern, narrative, and exact overlap/non-overlap",li17tandem
Are Mutation Scores Correlated with Real Fault Detection?,https://doi.org/10.1145/3180155.3180183,source copyright; citation and analytical notes only; no source PDF redistributed,2026-09-15,complete-paper calibration: adjacent venue,author full text,bibliographic citation; full-paper calibration comparison,Supports our refusal to infer fault-detection quality from an exact matrix certificate.,no,"complete paper calibrated for problem, method/proof style, evidence/artifact pattern, narrative, and exact overlap/non-overlap",papadakis18correlation
Evaluating the Impact of Experimental Assumptions in Automated Fault Localization,https://doi.org/10.1109/ICSE48619.2023.00025,source copyright; citation and analytical notes only; no source PDF redistributed,2026-09-15,complete-paper calibration: adjacent venue,author full text,bibliographic citation; full-paper calibration comparison,"Motivates explicit tie, floor, reference-set and corpus assumptions and prevents us from presenting one operationalization as universal debugging utility.",no,"complete paper calibrated for problem, method/proof style, evidence/artifact pattern, narrative, and exact overlap/non-overlap",soremekun23assumptions
Certifying Algorithms,https://doi.org/10.1016/j.cosrev.2010.09.009,source copyright; citation and analytical notes only; no source PDF redistributed,2026-09-15,complete-paper calibration: adjacent venue,publisher/author full-text route,bibliographic citation; full-paper calibration comparison,"Provides the certificate design lens. Our contribution is a problem-specific branch/cut packet and checker, not a new general certification framework.",no,"complete paper calibrated for problem, method/proof style, evidence/artifact pattern, narrative, and exact overlap/non-overlap",mcconnell11certifying
Necessary and possible top-k winners,https://arxiv.org/abs/2002.09212,source/website copyright; citation or dependency use only; no third-party content redistributed,2026-09-15,scholarly full paper,stable arXiv full-text route,citation and theorem-level comparison,Prior outsider/insider pair decomposition for necessary top-k reasoning,no,Complete paper; definitions and Section 3.3 theorem/proof compared,imber20topk
Maximal Flow through a Network,https://doi.org/10.4153/CJM-1956-045-5,source/website copyright; citation or dependency use only; no third-party content redistributed,2026-09-15,scholarly primary record,publisher/archival record,citation and theorem attribution,Classical max-flow/min-cut foundation; all used obligations are restated for this model,no,Full article/archival record compared at theorem level,ford56
"Network Flows: Theory, Algorithms, and Applications",https://www.pearson.com/en-us/subject-catalog/p/network-flows/P200000003421,source/website copyright; citation or dependency use only; no third-party content redistributed,2026-09-15,scholarly monograph,publisher bibliographic route,citation and algorithmic attribution,Lower-bound circulation and integral-flow background,no,Relevant circulation chapters/concepts used; no source text redistributed,ahuja93
Theoretical Improvements in Algorithmic Efficiency for Network Flow Problems,https://doi.org/10.1145/321694.321699,source/website copyright; citation or dependency use only; no third-party content redistributed,2026-09-15,scholarly primary record,ACM archival route,citation and algorithmic attribution,Classical augmenting-path complexity background,no,Full bibliographic/theorem context checked,edmondskarp72
The Complexity of Theorem-Proving Procedures,https://doi.org/10.1145/800157.805047,source/website copyright; citation or dependency use only; no third-party content redistributed,2026-09-15,scholarly primary record,ACM archival route,citation and complexity attribution,SAT NP-completeness foundation; present CNF reduction is proved in the paper,no,Full bibliographic/theorem context checked,cook71
Computers and Intractability,https://www.worldcat.org/title/Computers-and-intractability-a-guide-to-the-theory-of-NP-completeness/oclc/4403586,source/website copyright; citation or dependency use only; no third-party content redistributed,2026-09-15,scholarly monograph,stable library bibliographic route,citation and complexity attribution,Perfect three-dimensional matching NP-completeness source for the three-partition boundary,no,Relevant problem definition/classification checked; no scan redistributed,garey79
IEEEtran class and canonical bibliography style,https://ctan.org/pkg/ieeetran,source/website copyright; citation or dependency use only; no third-party content redistributed,2026-09-15,publisher-family asset,supplied class plus installed CTAN distribution,unmodified build dependency,IEEE journal-family typesetting and canonical unsorted bibliography,no,Local headers and notices inspected; class/style not modified,
IEEE Author Center: structure your article,https://journals.ieeeauthorcenter.ieee.org/create-your-ieee-journal-article/structure-your-article/,source/website copyright; citation or dependency use only; no third-party content redistributed,2026-09-15,official workflow guidance,official live web route,workflow check only,"Abstract, introduction, methodology, and reference-quality preparation guidance",no,Relevant current guidance read; not a TSE acceptance determination,
IEEE guidelines for artificial-intelligence-generated text,https://open.ieee.org/author-guidelines-for-artificial-intelligence-ai-generated-text/,source/website copyright; citation or dependency use only; no third-party content redistributed,2026-09-15,official workflow policy,official live web route,workflow check and disclosure drafting,Substantive AI use must be disclosed in acknowledgments with system and affected sections/extent,no,Relevant current requirement read; manuscript disclosure included,
IEEE Transactions on Software Engineering author information,https://www.computer.org/csdl/journal/ts/write-for-us/15090,source/website copyright; citation or dependency use only; no third-party content redistributed,2026-09-15,official venue route,official live web route attempted,external-readiness hold only,Venue-specific submission details must be checked by authors in the live system,no,Route did not expose all needed details in this execution; not represented as verified,
Python standard library,https://docs.python.org/3/,source/website copyright; citation or dependency use only; no third-party content redistributed,2026-09-15,execution dependency,preinstalled runtime,unmodified runtime dependency,"Arbitrary-precision integers, JSON/CSV processing, subprocess control",no,Exact release environment recorded locally; no package download required,
C language standard and compiler interface,https://www.open-std.org/jtc1/sc22/wg14/www/standards,source/website copyright; citation or dependency use only; no third-party content redistributed,2026-09-15,execution dependency,preinstalled cc executable,unmodified compiler dependency,Compilation/execution of included bounded owned C schemas,no,Exact compiler first line recorded locally; no third-party program downloaded,
HMER: A Hybrid Mutation Execution Reduction Approach for Mutation-Based Fault Localization,https://doi.org/10.1016/j.jss.2020.110661,source copyright; citation and analytical notes only; no source PDF redistributed,2026-09-16,scholarly primary record,publisher or DBLP metadata route,bibliographic citation and closest-work comparison,Recent closest MBFL cost-reduction comparison; metadata freshly checked.,no,"Publisher or DBLP metadata, abstract, and bibliographic record cross-checked on 2026-09-16",li20hmer
Ahead of Time Mutation Based Fault Localisation Using Statistical Inference,https://doi.org/10.1109/ISSRE52982.2021.00036,source copyright; citation and analytical notes only; no source PDF redistributed,2026-09-16,scholarly primary record,publisher or DBLP metadata route,bibliographic citation and closest-work comparison,Recent closest MBFL statistical-inference comparison; metadata freshly checked.,no,"Publisher or DBLP metadata, abstract, and bibliographic record cross-checked on 2026-09-16",kim21simfl
HOTFUZ: Cost-Effective Higher-Order Mutation-Based Fault Localization,https://doi.org/10.1002/stvr.1802,source copyright; citation and analytical notes only; no source PDF redistributed,2026-09-16,scholarly primary record,publisher or DBLP metadata route,bibliographic citation and closest-work comparison,Recent closest higher-order MBFL comparison; metadata freshly checked.,no,"Publisher or DBLP metadata, abstract, and bibliographic record cross-checked on 2026-09-16",jang22hotfuz
Improving the Performance of Mutation-Based Fault Localization via Mutant Bias,https://doi.org/10.1109/ISSRE55969.2022.00038,source copyright; citation and analytical notes only; no source PDF redistributed,2026-09-16,scholarly primary record,publisher or DBLP metadata route,bibliographic citation and closest-work comparison,Recent closest MBFL scoring/bias comparison; metadata freshly checked.,no,"Publisher or DBLP metadata, abstract, and bibliographic record cross-checked on 2026-09-16",du22bias
Learning Test-Mutant Relationship for Accurate Fault Localisation,https://doi.org/10.1016/j.infsof.2023.107272,source copyright; citation and analytical notes only; no source PDF redistributed,2026-09-16,scholarly primary record,publisher or DBLP metadata route,bibliographic citation and closest-work comparison,Recent closest historical-evidence MBFL comparison; metadata freshly checked.,no,"Publisher or DBLP metadata, abstract, and bibliographic record cross-checked on 2026-09-16",kim23relationship
Delta4Ms: Improving Mutation-Based Fault Localization by Eliminating Mutant Bias,https://doi.org/10.1002/stvr.1872,source copyright; citation and analytical notes only; no source PDF redistributed,2026-09-16,scholarly primary record,publisher or DBLP metadata route,bibliographic citation and closest-work comparison,Recent closest MBFL bias-correction comparison; metadata freshly checked.,no,"Publisher or DBLP metadata, abstract, and bibliographic record cross-checked on 2026-09-16",liu24delta4ms
A Systematic Exploration of Mutation-Based Fault Localization Formulae,https://doi.org/10.1002/stvr.1905,source copyright; citation and analytical notes only; no source PDF redistributed,2026-09-16,scholarly primary record,publisher or DBLP metadata route,bibliographic citation and closest-work comparison,Recent closest formula-family MBFL comparison; metadata freshly checked.,no,"Publisher or DBLP metadata, abstract, and bibliographic record cross-checked on 2026-09-16",wang25formulae
MBFL-DKMR: Improving Mutation-Based Fault Localization through Denoising-Based Kill Matrix Refinement,https://doi.org/10.48550/arXiv.2511.22921,source copyright; citation and analytical notes only; no source PDF redistributed,2026-09-16,scholarly preprint with official ISSTA 2026 program record,arXiv metadata plus official conference-program route,bibliographic citation and closest-work boundary comparison,Current MBFL work may refine the kill matrix itself; our certificate instead assumes a fixed binary matrix.,no,"Stable arXiv DOI, title, authors, abstract, and official ISSTA 2026 program appearance cross-checked on 2026-09-16",liu25dkmr
Industrial Application of Deep Learning Based Fault Localization with Mutation Features,https://doi.org/10.1109/ICST69053.2026.00032,source copyright; citation and analytical notes only; no source PDF redistributed,2026-09-16,scholarly conference industry paper,official ICST 2026 program plus DOI metadata route,bibliographic citation and practical-scope comparison,A current industrial report uses mutation-derived features in a different deep-learning localization pipeline; this does not establish adoption of our quota certificate.,no,Official program title/authors and DOI/page metadata cross-checked on 2026-09-16,yang26industrial
Diversity-aware Mutation Testing matrices,https://github.com/donghwan-shin/Diversity-aware-Mutation-Testing/tree/f8d8376e0efe345161f26ff6483a404c8548fe1c,MIT; license text redistributed under external/LICENSE,2026-09-21,public kill-matrix dataset,immutable GitHub commit; selected CSV rows and columns frozen by documented protocol,five-project external challenge; no upstream source modified,implementation transfer to independently produced kill patterns at mutant-level granularity,no,"Chart-24, Closure-28, Lang-54, Math-32, Time-10; 12 columns and 9-10 tests each",shin18diversity
Defects4J trigger-test metadata,https://github.com/rjust/defects4j,Defects4J repository terms; metadata cited and cross-checked; no full benchmark redistributed,2026-09-21,official benchmark metadata,official project trigger-test records,cross-check of bug=1 rows in frozen matrix slices,failing-test labels correspond to official trigger tests for the selected versions,no,five selected bug versions,just14defects4j
