category,bib_key,title,venue,year,full_text_route,access_basis,problem_or_principle,method_or_proof_style,evidence_or_artifact,narrative_lesson,relationship_to_this_work
same-venue,jia11survey,An Analysis and Survey of the Development of Mutation Testing,IEEE Transactions on Software Engineering 37(5):649–678,2011,https://doi.org/10.1109/TSE.2010.62,published article / author technical-report route,"Organizes mutation-testing development, operators, cost, applications, and open problems.",Systematic historical/taxonomic synthesis rather than a new certificate algorithm.,Broad literature corpus and taxonomy; no single benchmark claim is treated as universal.,Defines terms before organizing techniques by problem and historical development.,Supplies the field boundary. It does not ask whether one top-k location set is invariant over every quota-feasible mutant subset.
same-venue,wong16survey,A Survey on Software Fault Localization,IEEE Transactions on Software Engineering 42(8):707–740,2016,https://doi.org/10.1109/TSE.2016.2521368,publisher full outline / full-paper route,"Catalogs traditional and advanced fault-localization families, subjects, and metrics.",Survey synthesis with explicit evaluation dimensions.,"Cross-family literature, benchmark and metric comparison.","Separates technique families, subjects, and evaluation measures before open issues.","Constrains our claims: ranking stability under a fixed matrix is not localization accuracy, developer usefulness, or a new suspiciousness family."
same-venue,andrews06coverage,Using Mutation Analysis for Assessing and Comparing Testing Coverage Criteria,IEEE Transactions on Software Engineering 32(8):608–624,2006,https://doi.org/10.1109/TSE.2006.83,published article / institutional full-text route,Tests whether mutants support trustworthy empirical comparisons of coverage criteria.,"Industrial subject, known faults, many mutants, statistical comparison.","Real and seeded faults, coverage criteria, cost/effectiveness analysis.",Motivation and validity question precede protocol and comparative results.,Motivates caution about what mutation evidence represents. It provides no universal guarantee over quota-constrained samples.
same-venue,shin18diversity,A Theoretical and Empirical Study of Diversity-Aware Mutation Adequacy Criterion,IEEE Transactions on Software Engineering 44(10):914–931,2018,https://doi.org/10.1109/TSE.2017.2732347,published article / author replication route,Defines a diversity-aware adequacy objective based on distinguishing mutants.,Formal criterion plus empirical comparison on test suites.,Replication package and empirical fault-detection/test-size outcomes.,"Formal definition first, then empirical questions and trade-offs.",Its selected object is a test suite and its objective is adequacy/diversity. Our selected object is a mutant subset and our predicate is invariance of a fixed location set.
same-venue,kintis18tce,Detecting Trivial Mutant Equivalences via Compiler Optimisations,IEEE Transactions on Software Engineering 44(4):308–333,2018,https://doi.org/10.1109/TSE.2017.2684805,author full text,Reduces mutation cost by detecting trivial equivalent or duplicated mutants through compilation.,Static/compiler-based technique with empirical evaluation.,"Multiple programs, optimization levels, equivalent/duplicate reduction outcomes.",Technique and mechanism are followed by controlled empirical assessment and limitations.,"Column equality or compiler equivalence alone does not preserve crossing group identities, forced membership, or quota feasibility in our model."
same-venue,zhang19predictive,Predictive Mutation Testing,IEEE Transactions on Software Engineering 45(9):898–918,2019,https://doi.org/10.1109/TSE.2018.2809496,UCL accepted manuscript,Predicts killed/survived outcomes without executing every mutant.,Supervised classification in cross-version and cross-project settings.,"163 projects, AUC/error and efficiency trade-offs.","Clearly separates prediction setting, features, scenarios, and empirical results.",It addresses acquisition cost by estimating missing outcomes. Our certificate assumes the entire declared matrix is fixed and exact; uncertain columns would require a different contract.
same-venue,guizzo22sentinel,Sentinel: A Hyper-Heuristic for the Generation of Mutant Reduction Strategies,IEEE Transactions on Software Engineering 48(3):803–818,2022,https://doi.org/10.1109/TSE.2020.3002496,arXiv full text / published metadata,Automates project-specific mutant-reduction strategies under cost/effectiveness objectives.,Multi-objective evolutionary hyper-heuristic with empirical baselines.,40 releases of 10 systems and thousands of experiments.,Research questions and objective trade-offs drive the evaluation narrative.,Sentinel optimizes reduction quality empirically. It does not certify that every policy-feasible sample preserves a supplied localization report.
same-venue,garg23cerebro,Cerebro: Static Subsuming Mutant Selection,IEEE Transactions on Software Engineering 49(1):24–43,2023,https://doi.org/10.1109/TSE.2022.3140510,open publisher postprint,Selects likely subsuming mutants from surrounding code context.,Machine learning with cross-project evaluation in C and Java.,"58 programs, subsumption/equivalence/execution-cost measures.","Mechanism, learning setup, baselines and threats are explicitly separated.",Subsuming-mutant selection pursues testing strength and cost. Our identity-sensitive quota predicate may be broken by merging behaviorally identical mutants.
same-venue,zou21families,An Empirical Study of Fault Localization Families and Their Combinations,IEEE Transactions on Software Engineering 47(2):332–347,2021,https://doi.org/10.1109/TSE.2019.2892102,author full text and tool route,Compares multiple localization families and their combinations on real faults.,Large comparative empirical study including execution cost.,Real-world faults and a released combination/evaluation implementation.,Family taxonomy motivates combined evaluation and measured outcomes.,Provides the appropriate effectiveness context. Our work fixes one score and offers no evidence of superior fault-location accuracy.
same-venue,wen21historical,Historical Spectrum Based Fault Localization,IEEE Transactions on Software Engineering 47(11):2348–2368,2021,https://doi.org/10.1109/TSE.2019.2948158,institutional accepted-manuscript route,Uses version history to augment spectra and break suspiciousness ties.,History-derived model plus Defects4J evaluation.,"Top-k, MAP, MRR, and comparisons with several families.",Motivating limitations lead to a new information source and benchmark evaluation.,Changes the evidence and ranking method to improve effectiveness. We hold both fixed and certify robustness only over a declared sample family.
same-venue,madeyski14equivalent,Overcoming the Equivalent Mutant Problem: A Systematic Literature Review and a Comparative Experiment of Second Order Mutation,IEEE Transactions on Software Engineering 40(1):23–42,2014,https://doi.org/10.1109/TSE.2013.44,author full-text route,Synthesizes and compares approaches to the equivalent-mutant problem.,Systematic review plus controlled comparative experiment.,Classified literature and second-order mutation evidence.,Review protocol is made explicit before the comparative experiment.,Supports the warning that mutant equivalence is a separate semantic/cost issue. Our checker neither detects equivalence nor treats survival as proof of equivalence.
same-venue,legoues15manybugs,The ManyBugs and IntroClass Benchmarks for Automated Repair of C Programs,IEEE Transactions on Software Engineering 41(12):1236–1256,2015,https://doi.org/10.1109/TSE.2015.2454513,published article / benchmark route,Builds curated C benchmarks with reproducible faults and tests.,"Benchmark construction, characterization, and repair-tool case studies.",Real faults in C projects plus reproducibility infrastructure.,Benchmark definition and curation evidence precede downstream experiments.,Shows what a real-defect evaluation would require. Our owned generated C schemas provide pipeline assurance but are not a substitute for such a benchmark.
influential,demillo78,Hints on Test Data Selection: Help for the Practicing Programmer,Computer 11(4):34–41,1978,https://doi.org/10.1109/C-M.1978.218136,publisher record / full-paper route,Introduces the competent-programmer and coupling intuitions behind mutation testing.,Conceptual argument with examples.,Foundational rather than benchmark-scale evidence.,Problem intuition and testing implications dominate the narrative.,Historical foundation only; it neither defines mutant-sampling quotas nor a checkable ranking-stability proposition.
influential,jones05tarantula,Empirical Evaluation of the Tarantula Automatic Fault-Localization Technique,ASE 2005:273–282,2005,https://doi.org/10.1145/1101908.1101949,ACM full-text route,Ranks statements from passing/failing coverage spectra and evaluates debugging guidance.,Spectrum formula plus empirical study.,Standard program suites and inspection-effort measures.,Technique is motivated by visualization and evaluated through ranked inspection.,"Defines a landmark ranking context. Our squared-Ochiai mutant score and maximum aggregation are fixed inputs, not a proposed successor to Tarantula."
influential,abreu07ochiai,On the Accuracy of Spectrum-Based Fault Localization,TAICPART-MUTATION 2007:89–98,2007,https://doi.org/10.1109/TAIC.PART.2007.13,publisher/author full-text route,"Compares similarity coefficients, including Ochiai, for fault localization.",Empirical formula comparison.,Benchmark faults and ranking accuracy.,A focused formula question leads directly to comparative results.,Supplies the score family we freeze. It does not address sample-family quantification or certificate checking.
influential,metallaxis,Metallaxis-FL: Mutation-Based Fault Localization,"Software Testing, Verification and Reliability 25(5–7):605–628",2015,https://doi.org/10.1002/stvr.1509,publisher full text,Links mutant behavior to faulty program locations for localization.,Mutation-based suspiciousness with empirical and controlled evaluation.,"Program subjects, cost-reduction settings and localization outcomes.","Method, experiments and practical implications are clearly separated.","The closest application lineage. We preserve its kind of mutant evidence but study a post-hoc universal robustness question, not a new localization score."
influential,moon14muse,Ask the Mutants: Mutating Faulty Programs for Fault Localization,ICST 2014:153–162,2014,https://doi.org/10.1109/ICST.2014.28,publisher/author full-text route,Uses behavioral changes from mutating faulty programs to localize faults.,Mutation-based method with comparative evaluation.,Benchmark programs and ranking outcomes.,"Assumption, technique, evaluation and comparison form a concise conference narrative.",Demonstrates that mutation-localization semantics differ across methods. Our certificate is tied to the supplied binary kill matrix and does not generalize to repair-oriented observations.
adjacent,pearson17,Evaluating and Improving Fault Localization,ICSE 2017:609–620,2017,https://doi.org/10.1109/ICSE.2017.62,author full text,Reassesses localization techniques and improves evaluation realism.,Large comparative evaluation with explicit fault spaces and metrics.,"Real faults, multiple families, released infrastructure.","Starts from evaluation weaknesses, then reports corrected comparisons.",Directly motivates our narrow nonclaims: finite ranking invariance cannot be interpreted as real-fault effectiveness.
adjacent,li17tandem,Transforming Programs and Tests in Tandem for Fault Localization,"Proceedings of the ACM on Programming Languages 1(OOPSLA), Article 92",2017,https://doi.org/10.1145/3133916,ACM full text,Transforms programs and tests together to expose better localization signals.,Semantics-aware transformations and empirical evaluation.,Benchmark defects and localization improvements.,Formal transformation intuition is connected to an empirical pipeline.,"Changes program/test evidence to improve ranking. Our problem is post-observation and leaves programs, tests and scores unchanged."
adjacent,papadakis18correlation,Are Mutation Scores Correlated with Real Fault Detection?,ICSE 2018:537–548,2018,https://doi.org/10.1145/3180155.3180183,author full text,"Separates mutation score, test-suite size and real-fault detection relationships.",Large-scale empirical correlation/causal-control analysis.,"Real faults, mutants and test suites at scale.",Claims are qualified by confounding and validity analysis.,Supports our refusal to infer fault-detection quality from an exact matrix certificate.
adjacent,soremekun23assumptions,Evaluating the Impact of Experimental Assumptions in Automated Fault Localization,ICSE 2023:159–171,2023,https://doi.org/10.1109/ICSE48619.2023.00025,author full text,Measures how patch/root-cause and evaluation assumptions change localization conclusions.,Controlled re-evaluation under multiple assumptions.,Real faults and sensitivity of reported effectiveness.,Assumptions are made first-class experimental factors.,"Motivates explicit tie, floor, reference-set and corpus assumptions and prevents us from presenting one operationalization as universal debugging utility."
adjacent,mcconnell11certifying,Certifying Algorithms,Computer Science Review 5(2):119–161,2011,https://doi.org/10.1016/j.cosrev.2010.09.009,publisher/author full-text route,Surveys algorithms that return easily checked witnesses of correctness.,Theory and design principles with examples across algorithmic problems.,Proof objects and independent checker patterns rather than a software-debugging corpus.,Separates producer complexity from simple verification obligations.,"Provides the certificate design lens. Our contribution is a problem-specific branch/cut packet and checker, not a new general certification framework."
