bib_key,title,year,venue,identifier,verification_url,verification_basis,manuscript_role,checked_on
hamlet77,Testing Programs with the Aid of a Compiler,1977,IEEE Transactions on Software Engineering,doi:10.1109/tse.1977.231145,https://doi.org/10.1109/TSE.1977.231145,live DOI/ISBN resolution and authoritative metadata comparison; bibliography metadata corrected where needed,"mutation testing, mutant reduction, validity, or mutation-based localization foundation",2026-09-21
demillo78,Hints on Test Data Selection: Help for the Practicing Programmer,1978,Computer,doi:10.1109/c-m.1978.218136,https://doi.org/10.1109/C-M.1978.218136,live DOI/ISBN resolution and authoritative metadata comparison; bibliography metadata corrected where needed,"mutation testing, mutant reduction, validity, or mutation-based localization foundation",2026-09-21
offutt92,Investigations of the Software Testing Coupling Effect,1992,ACM Transactions on Software Engineering and Methodology,doi:10.1145/125489.125473,https://doi.org/10.1145/125489.125473,live DOI/ISBN resolution and authoritative metadata comparison; bibliography metadata corrected where needed,"mutation testing, mutant reduction, validity, or mutation-based localization foundation",2026-09-21
offutt96,An Experimental Determination of Sufficient Mutant Operators,1996,ACM Transactions on Software Engineering and Methodology,doi:10.1145/227607.227610,https://doi.org/10.1145/227607.227610,live DOI/ISBN resolution and authoritative metadata comparison; bibliography metadata corrected where needed,"mutation testing, mutant reduction, validity, or mutation-based localization foundation",2026-09-21
untch93,Mutation Analysis Using Mutant Schemata,1993,Proceedings of the International Symposium on Software Testing and Analysis,doi:10.1145/154183.154265,https://doi.org/10.1145/154183.154265,live DOI/ISBN resolution and authoritative metadata comparison; bibliography metadata corrected where needed,"mutation testing, mutant reduction, validity, or mutation-based localization foundation",2026-09-21
wong95cost,Reducing the Cost of Mutation Testing: An Empirical Study,1995,Journal of Systems and Software,doi:10.1016/0164-1212(94)00098-0,https://doi.org/10.1016/0164-1212(94)00098-0,live DOI/ISBN resolution and authoritative metadata comparison; bibliography metadata corrected where needed,"mutation testing, mutant reduction, validity, or mutation-based localization foundation",2026-09-21
offutt97equiv,Automatically Detecting Equivalent Mutants and Infeasible Paths,1997,"Software Testing, Verification and Reliability",doi:10.1002/(sici)1099-1689(199709)7:3<165::aid-stvr143>3.0.co;2-u,https://doi.org/10.1002/(SICI)1099-1689(199709)7:3<165::AID-STVR143>3.0.CO;2-U,live DOI/ISBN resolution and authoritative metadata comparison; bibliography metadata corrected where needed,"mutation testing, mutant reduction, validity, or mutation-based localization foundation",2026-09-21
liu25dkmr,{MBFL-DKMR}: Improving Mutation-Based Fault Localization through Denoising-Based Kill Matrix Refinement,2025,arXiv preprint arXiv:2511.22921,doi:10.48550/arxiv.2511.22921,https://doi.org/10.48550/arXiv.2511.22921,live DOI/ISBN resolution and authoritative metadata comparison; bibliography metadata corrected where needed,latest direct work that changes the kill matrix before mutation-based fault-localization ranking,2026-09-21
just11major,{MAJOR}: An Efficient and Extensible Tool for Mutation Analysis in a Java Compiler,2011,Proceedings of the IEEE/ACM International Conference on Automated Software Engineering,doi:10.1109/ase.2011.6100138,https://doi.org/10.1109/ASE.2011.6100138,live DOI/ISBN resolution and authoritative metadata comparison; bibliography metadata corrected where needed,"mutation testing, mutant reduction, validity, or mutation-based localization foundation",2026-09-21
jia11survey,An Analysis and Survey of the Development of Mutation Testing,2011,IEEE Transactions on Software Engineering,doi:10.1109/tse.2010.62,https://doi.org/10.1109/TSE.2010.62,live DOI/ISBN resolution and authoritative metadata comparison; bibliography metadata corrected where needed,"mutation testing, mutant reduction, validity, or mutation-based localization foundation",2026-09-21
papadakis19advances,Mutation Testing Advances: An Analysis and Survey,2019,Advances in Computers,doi:10.1016/bs.adcom.2018.03.015,https://doi.org/10.1016/bs.adcom.2018.03.015,live DOI/ISBN resolution and authoritative metadata comparison; bibliography metadata corrected where needed,"mutation testing, mutant reduction, validity, or mutation-based localization foundation",2026-09-21
andrews05appropriate,Is Mutation an Appropriate Tool for Testing Experiments?,2005,Proceedings of the International Conference on Software Engineering,doi:10.1145/1062455.1062530,https://doi.org/10.1145/1062455.1062530,live DOI/ISBN resolution and authoritative metadata comparison; bibliography metadata corrected where needed,"mutation testing, mutant reduction, validity, or mutation-based localization foundation",2026-09-21
andrews06coverage,Using Mutation Analysis for Assessing and Comparing Testing Coverage Criteria,2006,IEEE Transactions on Software Engineering,doi:10.1109/tse.2006.83,https://doi.org/10.1109/TSE.2006.83,live DOI/ISBN resolution and authoritative metadata comparison; bibliography metadata corrected where needed,"mutation testing, mutant reduction, validity, or mutation-based localization foundation",2026-09-21
just14mutants,Are Mutants a Valid Substitute for Real Faults in Software Testing?,2014,Proceedings of the ACM SIGSOFT International Symposium on Foundations of Software Engineering,doi:10.1145/2635868.2635929,https://doi.org/10.1145/2635868.2635929,live DOI/ISBN resolution and authoritative metadata comparison; bibliography metadata corrected where needed,"mutation testing, mutant reduction, validity, or mutation-based localization foundation",2026-09-21
papadakis16threats,Threats to the Validity of Mutation-Based Test Assessment,2016,Proceedings of the International Symposium on Software Testing and Analysis,doi:10.1145/2931037.2931040,https://doi.org/10.1145/2931037.2931040,live DOI/ISBN resolution and authoritative metadata comparison; bibliography metadata corrected where needed,"mutation testing, mutant reduction, validity, or mutation-based localization foundation",2026-09-21
ammann14minimal,Establishing Theoretical Minimal Sets of Mutants,2014,"Proceedings of the IEEE International Conference on Software Testing, Verification and Validation",doi:10.1109/icst.2014.13,https://doi.org/10.1109/ICST.2014.13,live DOI/ISBN resolution and authoritative metadata comparison; bibliography metadata corrected where needed,"mutation testing, mutant reduction, validity, or mutation-based localization foundation",2026-09-21
kurtz16dominator,Analyzing the Validity of Selective Mutation with Dominator Mutants,2016,Proceedings of the ACM SIGSOFT International Symposium on Foundations of Software Engineering,doi:10.1145/2950290.2950322,https://doi.org/10.1145/2950290.2950322,live DOI/ISBN resolution and authoritative metadata comparison; bibliography metadata corrected where needed,"mutation testing, mutant reduction, validity, or mutation-based localization foundation",2026-09-21
zhang10random,Is Operator-Based Mutant Selection Superior to Random Mutant Selection?,2010,Proceedings of the International Conference on Software Engineering,doi:10.1145/1806799.1806863,https://doi.org/10.1145/1806799.1806863,live DOI/ISBN resolution and authoritative metadata comparison; bibliography metadata corrected where needed,"mutation testing, mutant reduction, validity, or mutation-based localization foundation",2026-09-21
zhang13together,Operator-Based and Random Mutant Selection: Better Together,2013,Proceedings of the IEEE/ACM International Conference on Automated Software Engineering,doi:10.1109/ase.2013.6693070,https://doi.org/10.1109/ASE.2013.6693070,live DOI/ISBN resolution and authoritative metadata comparison; bibliography metadata corrected where needed,"mutation testing, mutant reduction, validity, or mutation-based localization foundation",2026-09-21
yao14equivalent,A Study of Equivalent and Stubborn Mutation Operators Using Human Analysis of Equivalence,2014,Proceedings of the International Conference on Software Engineering,doi:10.1145/2568225.2568265,https://doi.org/10.1145/2568225.2568265,live DOI/ISBN resolution and authoritative metadata comparison; bibliography metadata corrected where needed,"mutation testing, mutant reduction, validity, or mutation-based localization foundation",2026-09-21
shin18diversity,A Theoretical and Empirical Study of Diversity-Aware Mutation Adequacy Criterion,2018,IEEE Transactions on Software Engineering,doi:10.1109/tse.2017.2732347,https://doi.org/10.1109/TSE.2017.2732347,live DOI/ISBN resolution and authoritative metadata comparison; bibliography metadata corrected where needed,"mutation testing, mutant reduction, validity, or mutation-based localization foundation",2026-09-21
kintis18tce,Detecting Trivial Mutant Equivalences via Compiler Optimisations,2018,IEEE Transactions on Software Engineering,doi:10.1109/tse.2017.2684805,https://doi.org/10.1109/TSE.2017.2684805,live DOI/ISBN resolution and authoritative metadata comparison; bibliography metadata corrected where needed,"mutation testing, mutant reduction, validity, or mutation-based localization foundation",2026-09-21
zhang19predictive,Predictive Mutation Testing,2019,IEEE Transactions on Software Engineering,doi:10.1109/tse.2018.2809496,https://doi.org/10.1109/TSE.2018.2809496,live DOI/ISBN resolution and authoritative metadata comparison; bibliography metadata corrected where needed,"mutation testing, mutant reduction, validity, or mutation-based localization foundation",2026-09-21
guizzo22sentinel,Sentinel: A Hyper-Heuristic for the Generation of Mutant Reduction Strategies,2022,IEEE Transactions on Software Engineering,doi:10.1109/tse.2020.3002496,https://doi.org/10.1109/TSE.2020.3002496,live DOI/ISBN resolution and authoritative metadata comparison; bibliography metadata corrected where needed,"mutation testing, mutant reduction, validity, or mutation-based localization foundation",2026-09-21
garg23cerebro,Cerebro: Static Subsuming Mutant Selection,2023,IEEE Transactions on Software Engineering,doi:10.1109/tse.2022.3140510,https://doi.org/10.1109/TSE.2022.3140510,live DOI/ISBN resolution and authoritative metadata comparison; bibliography metadata corrected where needed,"mutation testing, mutant reduction, validity, or mutation-based localization foundation",2026-09-21
madeyski14equivalent,Overcoming the Equivalent Mutant Problem: A Systematic Literature Review and a Comparative Experiment of Second Order Mutation,2014,IEEE Transactions on Software Engineering,doi:10.1109/tse.2013.44,https://doi.org/10.1109/TSE.2013.44,live DOI/ISBN resolution and authoritative metadata comparison; bibliography metadata corrected where needed,"mutation testing, mutant reduction, validity, or mutation-based localization foundation",2026-09-21
papadakis18correlation,Are Mutation Scores Correlated with Real Fault Detection? A Large Scale Empirical Study on the Relationship between Mutants and Real Faults,2018,Proceedings of the IEEE/ACM International Conference on Software Engineering,doi:10.1145/3180155.3180183,https://doi.org/10.1145/3180155.3180183,live DOI/ISBN resolution and authoritative metadata comparison; bibliography metadata corrected where needed,"mutation testing, mutant reduction, validity, or mutation-based localization foundation",2026-09-21
selective,Effective Fault Localization via Mutation Analysis: A Selective Mutation Approach,2014,Proceedings of the ACM Symposium on Applied Computing,doi:10.1145/2554850.2554978,https://doi.org/10.1145/2554850.2554978,live DOI/ISBN resolution and authoritative metadata comparison; bibliography metadata corrected where needed,"mutation testing, mutant reduction, validity, or mutation-based localization foundation",2026-09-21
metallaxis,{Metallaxis-FL}: Mutation-Based Fault Localization,2015,"Software Testing, Verification and Reliability",doi:10.1002/stvr.1509,https://doi.org/10.1002/stvr.1509,live DOI/ISBN resolution and authoritative metadata comparison; bibliography metadata corrected where needed,"mutation testing, mutant reduction, validity, or mutation-based localization foundation",2026-09-21
moon14muse,Ask the Mutants: Mutating Faulty Programs for Fault Localization,2014,"Proceedings of the IEEE International Conference on Software Testing, Verification and Validation",doi:10.1109/icst.2014.28,https://doi.org/10.1109/ICST.2014.28,live DOI/ISBN resolution and authoritative metadata comparison; bibliography metadata corrected where needed,"mutation testing, mutant reduction, validity, or mutation-based localization foundation",2026-09-21
comparison,Assessing and Comparing Mutation-Based Fault Localization Techniques,2016,arXiv preprint arXiv:1607.05512,doi:10.48550/arxiv.1607.05512,https://doi.org/10.48550/arXiv.1607.05512,live DOI/ISBN resolution and authoritative metadata comparison; bibliography metadata corrected where needed,"mutation testing, mutant reduction, validity, or mutation-based localization foundation",2026-09-21
jones02visual,Visualization of Test Information to Assist Fault Localization,2002,Proceedings of the International Conference on Software Engineering,doi:10.1145/581339.581397,https://doi.org/10.1145/581339.581397,live DOI/ISBN resolution and authoritative metadata comparison; bibliography metadata corrected where needed,"fault-localization method, evaluation, practitioner, or benchmark context",2026-09-21
jones05tarantula,Empirical Evaluation of the Tarantula Automatic Fault-Localization Technique,2005,Proceedings of the IEEE/ACM International Conference on Automated Software Engineering,doi:10.1145/1101908.1101949,https://doi.org/10.1145/1101908.1101949,live DOI/ISBN resolution and authoritative metadata comparison; bibliography metadata corrected where needed,"fault-localization method, evaluation, practitioner, or benchmark context",2026-09-21
abreu07ochiai,On the Accuracy of Spectrum-Based Fault Localization,2007,Proceedings of Testing: Academic and Industrial Conference Practice and Research Techniques--Mutation,doi:10.1109/taic.part.2007.13,https://doi.org/10.1109/TAIC.PART.2007.13,live DOI/ISBN resolution and authoritative metadata comparison; bibliography metadata corrected where needed,"fault-localization method, evaluation, practitioner, or benchmark context",2026-09-21
abreu09practical,A Practical Evaluation of Spectrum-Based Fault Localization,2009,Journal of Systems and Software,doi:10.1016/j.jss.2009.06.035,https://doi.org/10.1016/j.jss.2009.06.035,live DOI/ISBN resolution and authoritative metadata comparison; bibliography metadata corrected where needed,"fault-localization method, evaluation, practitioner, or benchmark context",2026-09-21
naish11model,A Model for Spectra-Based Software Diagnosis,2011,ACM Transactions on Software Engineering and Methodology,doi:10.1145/2000791.2000795,https://doi.org/10.1145/2000791.2000795,live DOI/ISBN resolution and authoritative metadata comparison; bibliography metadata corrected where needed,"fault-localization method, evaluation, practitioner, or benchmark context",2026-09-21
xie13theory,A Theoretical Analysis of the Risk Evaluation Formulas for Spectrum-Based Fault Localization,2013,ACM Transactions on Software Engineering and Methodology,doi:10.1145/2522920.2522924,https://doi.org/10.1145/2522920.2522924,live DOI/ISBN resolution and authoritative metadata comparison; bibliography metadata corrected where needed,"fault-localization method, evaluation, practitioner, or benchmark context",2026-09-21
wong16survey,A Survey on Software Fault Localization,2016,IEEE Transactions on Software Engineering,doi:10.1109/tse.2016.2521368,https://doi.org/10.1109/TSE.2016.2521368,live DOI/ISBN resolution and authoritative metadata comparison; bibliography metadata corrected where needed,"fault-localization method, evaluation, practitioner, or benchmark context",2026-09-21
pearson17,Evaluating and Improving Fault Localization,2017,Proceedings of the International Conference on Software Engineering,doi:10.1109/icse.2017.62,https://doi.org/10.1109/ICSE.2017.62,live DOI/ISBN resolution and authoritative metadata comparison; bibliography metadata corrected where needed,"fault-localization method, evaluation, practitioner, or benchmark context",2026-09-21
li17tandem,Transforming Programs and Tests in Tandem for Fault Localization,2017,Proceedings of the ACM on Programming Languages,doi:10.1145/3133916,https://doi.org/10.1145/3133916,live DOI/ISBN resolution and authoritative metadata comparison; bibliography metadata corrected where needed,"fault-localization method, evaluation, practitioner, or benchmark context",2026-09-21
zou21families,An Empirical Study of Fault Localization Families and Their Combinations,2021,IEEE Transactions on Software Engineering,doi:10.1109/tse.2019.2892102,https://doi.org/10.1109/TSE.2019.2892102,live DOI/ISBN resolution and authoritative metadata comparison; bibliography metadata corrected where needed,"fault-localization method, evaluation, practitioner, or benchmark context",2026-09-21
wen21historical,Historical Spectrum Based Fault Localization,2021,IEEE Transactions on Software Engineering,doi:10.1109/tse.2019.2948158,https://doi.org/10.1109/TSE.2019.2948158,live DOI/ISBN resolution and authoritative metadata comparison; bibliography metadata corrected where needed,"fault-localization method, evaluation, practitioner, or benchmark context",2026-09-21
soremekun23assumptions,Evaluating the Impact of Experimental Assumptions in Automated Fault Localization,2023,Proceedings of the IEEE/ACM International Conference on Software Engineering,doi:10.1109/icse48619.2023.00025,https://doi.org/10.1109/ICSE48619.2023.00025,live DOI/ISBN resolution and authoritative metadata comparison; bibliography metadata corrected where needed,"fault-localization method, evaluation, practitioner, or benchmark context",2026-09-21
cleve05,Locating Causes of Program Failures,2005,Proceedings of the International Conference on Software Engineering,doi:10.1145/1062455.1062522,https://doi.org/10.1145/1062455.1062522,live DOI/ISBN resolution and authoritative metadata comparison; bibliography metadata corrected where needed,"fault-localization method, evaluation, practitioner, or benchmark context",2026-09-21
liblit05,Scalable Statistical Bug Isolation,2005,Proceedings of the ACM SIGPLAN Conference on Programming Language Design and Implementation,doi:10.1145/1065010.1065014,https://doi.org/10.1145/1065010.1065014,live DOI/ISBN resolution and authoritative metadata comparison; bibliography metadata corrected where needed,"fault-localization method, evaluation, practitioner, or benchmark context",2026-09-21
yang26industrial,Industrial Application of Deep Learning Based Fault Localization with Mutation Features,2026,"2026 IEEE International Conference on Software Testing, Verification and Validation (ICST)",doi:10.1109/icst69053.2026.00032,https://doi.org/10.1109/ICST69053.2026.00032,live DOI/ISBN resolution and authoritative metadata comparison; bibliography metadata corrected where needed,current industrial mutation-feature localization context and practical-cost boundary,2026-09-21
just14defects4j,{Defects4J}: A Database of Existing Faults to Enable Controlled Testing Studies for Java Programs,2014,Proceedings of the International Symposium on Software Testing and Analysis,doi:10.1145/2610384.2628055,https://doi.org/10.1145/2610384.2628055,live DOI/ISBN resolution and authoritative metadata comparison; bibliography metadata corrected where needed,"fault-localization method, evaluation, practitioner, or benchmark context",2026-09-21
legoues15manybugs,The {ManyBugs} and {IntroClass} Benchmarks for Automated Repair of {C} Programs,2015,IEEE Transactions on Software Engineering,doi:10.1109/tse.2015.2454513,https://doi.org/10.1109/TSE.2015.2454513,live DOI/ISBN resolution and authoritative metadata comparison; bibliography metadata corrected where needed,"fault-localization method, evaluation, practitioner, or benchmark context",2026-09-21
wohlin12,Experimentation in Software Engineering,2012,Springer,doi:10.1007/978-3-642-29044-2,https://doi.org/10.1007/978-3-642-29044-2,live DOI/ISBN resolution and authoritative metadata comparison; bibliography metadata corrected where needed,"fault-localization method, evaluation, practitioner, or benchmark context",2026-09-21
arcuri14stats,A Hitchhiker's Guide to Statistical Tests for Assessing Randomized Algorithms in Software Engineering,2014,"Software Testing, Verification and Reliability",doi:10.1002/stvr.1486,https://doi.org/10.1002/stvr.1486,live DOI/ISBN resolution and authoritative metadata comparison; bibliography metadata corrected where needed,"experimental method, certifying algorithm, ranking, flow, or complexity foundation",2026-09-21
mcconnell11certifying,Certifying Algorithms,2011,Computer Science Review,doi:10.1016/j.cosrev.2010.09.009,https://doi.org/10.1016/j.cosrev.2010.09.009,live DOI/ISBN resolution and authoritative metadata comparison; bibliography metadata corrected where needed,"experimental method, certifying algorithm, ranking, flow, or complexity foundation",2026-09-21
imber20topk,The Complexity of Determining the Necessary and Possible Top-$k$ Winners in Partial Voting Profiles,2020,arXiv preprint arXiv:2002.09212,doi:10.48550/arxiv.2002.09212,https://doi.org/10.48550/arXiv.2002.09212,live DOI/ISBN resolution and authoritative metadata comparison; bibliography metadata corrected where needed,"experimental method, certifying algorithm, ranking, flow, or complexity foundation",2026-09-21
ford56,Maximal Flow through a Network,1956,Canadian Journal of Mathematics,doi:10.4153/cjm-1956-045-5,https://doi.org/10.4153/CJM-1956-045-5,live DOI/ISBN resolution and authoritative metadata comparison; bibliography metadata corrected where needed,"experimental method, certifying algorithm, ranking, flow, or complexity foundation",2026-09-21
cook71,The Complexity of Theorem-Proving Procedures,1971,Proceedings of the ACM Symposium on Theory of Computing,doi:10.1145/800157.805047,https://doi.org/10.1145/800157.805047,live DOI/ISBN resolution and authoritative metadata comparison; bibliography metadata corrected where needed,"experimental method, certifying algorithm, ranking, flow, or complexity foundation",2026-09-21
li20hmer,{HMER}: A Hybrid Mutation Execution Reduction Approach for Mutation-Based Fault Localization,2020,Journal of Systems and Software,doi:10.1016/j.jss.2020.110661,https://doi.org/10.1016/j.jss.2020.110661,live DOI/ISBN resolution and authoritative metadata comparison; bibliography metadata corrected where needed,recent closest mutation-based fault-localization method or empirical comparison,2026-09-21
kim21simfl,Ahead of Time Mutation Based Fault Localisation Using Statistical Inference,2021,Proceedings of the IEEE International Symposium on Software Reliability Engineering,doi:10.1109/issre52982.2021.00036,https://doi.org/10.1109/ISSRE52982.2021.00036,live DOI/ISBN resolution and authoritative metadata comparison; bibliography metadata corrected where needed,recent closest mutation-based fault-localization method or empirical comparison,2026-09-21
jang22hotfuz,{HOTFUZ}: Cost-Effective Higher-Order Mutation-Based Fault Localization,2022,"Software Testing, Verification and Reliability",doi:10.1002/stvr.1802,https://doi.org/10.1002/stvr.1802,live DOI/ISBN resolution and authoritative metadata comparison; bibliography metadata corrected where needed,recent closest mutation-based fault-localization method or empirical comparison,2026-09-21
du22bias,Improving the Performance of Mutation-Based Fault Localization via Mutant Bias: Practical Experience Report,2022,Proceedings of the IEEE International Symposium on Software Reliability Engineering,doi:10.1109/issre55969.2022.00038,https://doi.org/10.1109/ISSRE55969.2022.00038,live DOI/ISBN resolution and authoritative metadata comparison; bibliography metadata corrected where needed,recent closest mutation-based fault-localization method or empirical comparison,2026-09-21
kim23relationship,Learning Test-Mutant Relationship for Accurate Fault Localisation,2023,Information and Software Technology,doi:10.1016/j.infsof.2023.107272,https://doi.org/10.1016/j.infsof.2023.107272,live DOI/ISBN resolution and authoritative metadata comparison; bibliography metadata corrected where needed,recent closest mutation-based fault-localization method or empirical comparison,2026-09-21
liu24delta4ms,{Delta4Ms}: Improving Mutation-Based Fault Localization by Eliminating Mutant Bias,2024,"Software Testing, Verification and Reliability",doi:10.1002/stvr.1872,https://doi.org/10.1002/stvr.1872,live DOI/ISBN resolution and authoritative metadata comparison; bibliography metadata corrected where needed,recent closest mutation-based fault-localization method or empirical comparison,2026-09-21
wang25formulae,A Systematic Exploration of Mutation-Based Fault Localization Formulae,2025,"Software Testing, Verification and Reliability",doi:10.1002/stvr.1905,https://doi.org/10.1002/stvr.1905,live DOI/ISBN resolution and authoritative metadata comparison; bibliography metadata corrected where needed,recent closest mutation-based fault-localization method or empirical comparison,2026-09-21
