bib_key,identifier,canonical_title,canonical_year,canonical_venue,verification_url,verification_date,resolution,metadata_match,correction
hamlet77,doi:10.1109/tse.1977.231145,Testing Programs with the Aid of a Compiler,1977,IEEE Transactions on Software Engineering,https://doi.org/10.1109/TSE.1977.231145,2026-09-21,resolved,matched,
demillo78,doi:10.1109/c-m.1978.218136,Hints on Test Data Selection: Help for the Practicing Programmer,1978,Computer,https://doi.org/10.1109/C-M.1978.218136,2026-09-21,resolved,matched,
offutt92,doi:10.1145/125489.125473,Investigations of the Software Testing Coupling Effect,1992,ACM Transactions on Software Engineering and Methodology,https://doi.org/10.1145/125489.125473,2026-09-21,resolved,matched,
offutt96,doi:10.1145/227607.227610,An Experimental Determination of Sufficient Mutant Operators,1996,ACM Transactions on Software Engineering and Methodology,https://doi.org/10.1145/227607.227610,2026-09-21,resolved,matched,
untch93,doi:10.1145/154183.154265,Mutation Analysis Using Mutant Schemata,1993,Proceedings of the International Symposium on Software Testing and Analysis,https://doi.org/10.1145/154183.154265,2026-09-21,resolved,matched,
wong95cost,doi:10.1016/0164-1212(94)00098-0,Reducing the Cost of Mutation Testing: An Empirical Study,1995,Journal of Systems and Software,https://doi.org/10.1016/0164-1212(94)00098-0,2026-09-21,resolved,matched,
offutt97equiv,doi:10.1002/(sici)1099-1689(199709)7:3<165::aid-stvr143>3.0.co;2-u,Automatically Detecting Equivalent Mutants and Infeasible Paths,1997,"Software Testing, Verification and Reliability",https://doi.org/10.1002/(SICI)1099-1689(199709)7:3<165::AID-STVR143>3.0.CO;2-U,2026-09-21,resolved,matched,
liu25dkmr,doi:10.48550/arxiv.2511.22921,{MBFL-DKMR}: Improving Mutation-Based Fault Localization through Denoising-Based Kill Matrix Refinement,2025,arXiv preprint arXiv:2511.22921,https://doi.org/10.48550/arXiv.2511.22921,2026-09-21,resolved,matched,
just11major,doi:10.1109/ase.2011.6100138,{MAJOR}: An Efficient and Extensible Tool for Mutation Analysis in a Java Compiler,2011,Proceedings of the IEEE/ACM International Conference on Automated Software Engineering,https://doi.org/10.1109/ASE.2011.6100138,2026-09-21,resolved,matched,
jia11survey,doi:10.1109/tse.2010.62,An Analysis and Survey of the Development of Mutation Testing,2011,IEEE Transactions on Software Engineering,https://doi.org/10.1109/TSE.2010.62,2026-09-21,resolved,matched,
papadakis19advances,doi:10.1016/bs.adcom.2018.03.015,Mutation Testing Advances: An Analysis and Survey,2019,Advances in Computers,https://doi.org/10.1016/bs.adcom.2018.03.015,2026-09-21,resolved,matched,
andrews05appropriate,doi:10.1145/1062455.1062530,Is Mutation an Appropriate Tool for Testing Experiments?,2005,Proceedings of the International Conference on Software Engineering,https://doi.org/10.1145/1062455.1062530,2026-09-21,resolved,matched,
andrews06coverage,doi:10.1109/tse.2006.83,Using Mutation Analysis for Assessing and Comparing Testing Coverage Criteria,2006,IEEE Transactions on Software Engineering,https://doi.org/10.1109/TSE.2006.83,2026-09-21,resolved,matched,
just14mutants,doi:10.1145/2635868.2635929,Are Mutants a Valid Substitute for Real Faults in Software Testing?,2014,Proceedings of the ACM SIGSOFT International Symposium on Foundations of Software Engineering,https://doi.org/10.1145/2635868.2635929,2026-09-21,resolved,matched,
papadakis16threats,doi:10.1145/2931037.2931040,Threats to the Validity of Mutation-Based Test Assessment,2016,Proceedings of the International Symposium on Software Testing and Analysis,https://doi.org/10.1145/2931037.2931040,2026-09-21,resolved,matched,
ammann14minimal,doi:10.1109/icst.2014.13,Establishing Theoretical Minimal Sets of Mutants,2014,"Proceedings of the IEEE International Conference on Software Testing, Verification and Validation",https://doi.org/10.1109/ICST.2014.13,2026-09-21,resolved,matched,
kurtz16dominator,doi:10.1145/2950290.2950322,Analyzing the Validity of Selective Mutation with Dominator Mutants,2016,Proceedings of the ACM SIGSOFT International Symposium on Foundations of Software Engineering,https://doi.org/10.1145/2950290.2950322,2026-09-21,resolved,matched,
zhang10random,doi:10.1145/1806799.1806863,Is Operator-Based Mutant Selection Superior to Random Mutant Selection?,2010,Proceedings of the International Conference on Software Engineering,https://doi.org/10.1145/1806799.1806863,2026-09-21,resolved,corrected_then_matched,Corrected first author from Lingming Zhang to Lu Zhang after live metadata comparison.
zhang13together,doi:10.1109/ase.2013.6693070,Operator-Based and Random Mutant Selection: Better Together,2013,Proceedings of the IEEE/ACM International Conference on Automated Software Engineering,https://doi.org/10.1109/ASE.2013.6693070,2026-09-21,resolved,corrected_then_matched,Corrected author list: Milos Gligoric replaces the erroneous Lu Zhang entry.
yao14equivalent,doi:10.1145/2568225.2568265,A Study of Equivalent and Stubborn Mutation Operators Using Human Analysis of Equivalence,2014,Proceedings of the International Conference on Software Engineering,https://doi.org/10.1145/2568225.2568265,2026-09-21,resolved,matched,
shin18diversity,doi:10.1109/tse.2017.2732347,A Theoretical and Empirical Study of Diversity-Aware Mutation Adequacy Criterion,2018,IEEE Transactions on Software Engineering,https://doi.org/10.1109/TSE.2017.2732347,2026-09-21,resolved,matched,
kintis18tce,doi:10.1109/tse.2017.2684805,Detecting Trivial Mutant Equivalences via Compiler Optimisations,2018,IEEE Transactions on Software Engineering,https://doi.org/10.1109/TSE.2017.2684805,2026-09-21,resolved,matched,
zhang19predictive,doi:10.1109/tse.2018.2809496,Predictive Mutation Testing,2019,IEEE Transactions on Software Engineering,https://doi.org/10.1109/TSE.2018.2809496,2026-09-21,resolved,matched,
guizzo22sentinel,doi:10.1109/tse.2020.3002496,Sentinel: A Hyper-Heuristic for the Generation of Mutant Reduction Strategies,2022,IEEE Transactions on Software Engineering,https://doi.org/10.1109/TSE.2020.3002496,2026-09-21,resolved,matched,
garg23cerebro,doi:10.1109/tse.2022.3140510,Cerebro: Static Subsuming Mutant Selection,2023,IEEE Transactions on Software Engineering,https://doi.org/10.1109/TSE.2022.3140510,2026-09-21,resolved,matched,
madeyski14equivalent,doi:10.1109/tse.2013.44,Overcoming the Equivalent Mutant Problem: A Systematic Literature Review and a Comparative Experiment of Second Order Mutation,2014,IEEE Transactions on Software Engineering,https://doi.org/10.1109/TSE.2013.44,2026-09-21,resolved,matched,
papadakis18correlation,doi:10.1145/3180155.3180183,Are Mutation Scores Correlated with Real Fault Detection? A Large Scale Empirical Study on the Relationship between Mutants and Real Faults,2018,Proceedings of the IEEE/ACM International Conference on Software Engineering,https://doi.org/10.1145/3180155.3180183,2026-09-21,resolved,matched,
selective,doi:10.1145/2554850.2554978,Effective Fault Localization via Mutation Analysis: A Selective Mutation Approach,2014,Proceedings of the ACM Symposium on Applied Computing,https://doi.org/10.1145/2554850.2554978,2026-09-21,resolved,matched,
metallaxis,doi:10.1002/stvr.1509,{Metallaxis-FL}: Mutation-Based Fault Localization,2015,"Software Testing, Verification and Reliability",https://doi.org/10.1002/stvr.1509,2026-09-21,resolved,matched,
moon14muse,doi:10.1109/icst.2014.28,Ask the Mutants: Mutating Faulty Programs for Fault Localization,2014,"Proceedings of the IEEE International Conference on Software Testing, Verification and Validation",https://doi.org/10.1109/ICST.2014.28,2026-09-21,resolved,matched,
comparison,doi:10.48550/arxiv.1607.05512,Assessing and Comparing Mutation-Based Fault Localization Techniques,2016,arXiv preprint arXiv:1607.05512,https://doi.org/10.48550/arXiv.1607.05512,2026-09-21,resolved,matched,
jones02visual,doi:10.1145/581339.581397,Visualization of Test Information to Assist Fault Localization,2002,Proceedings of the International Conference on Software Engineering,https://doi.org/10.1145/581339.581397,2026-09-21,resolved,matched,
jones05tarantula,doi:10.1145/1101908.1101949,Empirical Evaluation of the Tarantula Automatic Fault-Localization Technique,2005,Proceedings of the IEEE/ACM International Conference on Automated Software Engineering,https://doi.org/10.1145/1101908.1101949,2026-09-21,resolved,matched,
abreu07ochiai,doi:10.1109/taic.part.2007.13,On the Accuracy of Spectrum-Based Fault Localization,2007,Proceedings of Testing: Academic and Industrial Conference Practice and Research Techniques--Mutation,https://doi.org/10.1109/TAIC.PART.2007.13,2026-09-21,resolved,matched,
abreu09practical,doi:10.1016/j.jss.2009.06.035,A Practical Evaluation of Spectrum-Based Fault Localization,2009,Journal of Systems and Software,https://doi.org/10.1016/j.jss.2009.06.035,2026-09-21,resolved,matched,
naish11model,doi:10.1145/2000791.2000795,A Model for Spectra-Based Software Diagnosis,2011,ACM Transactions on Software Engineering and Methodology,https://doi.org/10.1145/2000791.2000795,2026-09-21,resolved,matched,
xie13theory,doi:10.1145/2522920.2522924,A Theoretical Analysis of the Risk Evaluation Formulas for Spectrum-Based Fault Localization,2013,ACM Transactions on Software Engineering and Methodology,https://doi.org/10.1145/2522920.2522924,2026-09-21,resolved,matched,
wong16survey,doi:10.1109/tse.2016.2521368,A Survey on Software Fault Localization,2016,IEEE Transactions on Software Engineering,https://doi.org/10.1109/TSE.2016.2521368,2026-09-21,resolved,matched,
pearson17,doi:10.1109/icse.2017.62,Evaluating and Improving Fault Localization,2017,Proceedings of the International Conference on Software Engineering,https://doi.org/10.1109/ICSE.2017.62,2026-09-21,resolved,matched,
li17tandem,doi:10.1145/3133916,Transforming Programs and Tests in Tandem for Fault Localization,2017,Proceedings of the ACM on Programming Languages,https://doi.org/10.1145/3133916,2026-09-21,resolved,matched,
zou21families,doi:10.1109/tse.2019.2892102,An Empirical Study of Fault Localization Families and Their Combinations,2021,IEEE Transactions on Software Engineering,https://doi.org/10.1109/TSE.2019.2892102,2026-09-21,resolved,matched,
wen21historical,doi:10.1109/tse.2019.2948158,Historical Spectrum Based Fault Localization,2021,IEEE Transactions on Software Engineering,https://doi.org/10.1109/TSE.2019.2948158,2026-09-21,resolved,matched,
soremekun23assumptions,doi:10.1109/icse48619.2023.00025,Evaluating the Impact of Experimental Assumptions in Automated Fault Localization,2023,Proceedings of the IEEE/ACM International Conference on Software Engineering,https://doi.org/10.1109/ICSE48619.2023.00025,2026-09-21,resolved,matched,
cleve05,doi:10.1145/1062455.1062522,Locating Causes of Program Failures,2005,Proceedings of the International Conference on Software Engineering,https://doi.org/10.1145/1062455.1062522,2026-09-21,resolved,matched,
liblit05,doi:10.1145/1065010.1065014,Scalable Statistical Bug Isolation,2005,Proceedings of the ACM SIGPLAN Conference on Programming Language Design and Implementation,https://doi.org/10.1145/1065010.1065014,2026-09-21,resolved,matched,
yang26industrial,doi:10.1109/icst69053.2026.00032,Industrial Application of Deep Learning Based Fault Localization with Mutation Features,2026,"2026 IEEE International Conference on Software Testing, Verification and Validation (ICST)",https://doi.org/10.1109/ICST69053.2026.00032,2026-09-21,resolved,matched,
just14defects4j,doi:10.1145/2610384.2628055,{Defects4J}: A Database of Existing Faults to Enable Controlled Testing Studies for Java Programs,2014,Proceedings of the International Symposium on Software Testing and Analysis,https://doi.org/10.1145/2610384.2628055,2026-09-21,resolved,matched,
legoues15manybugs,doi:10.1109/tse.2015.2454513,The {ManyBugs} and {IntroClass} Benchmarks for Automated Repair of {C} Programs,2015,IEEE Transactions on Software Engineering,https://doi.org/10.1109/TSE.2015.2454513,2026-09-21,resolved,matched,
wohlin12,doi:10.1007/978-3-642-29044-2,Experimentation in Software Engineering,2012,Springer,https://doi.org/10.1007/978-3-642-29044-2,2026-09-21,resolved,matched,
arcuri14stats,doi:10.1002/stvr.1486,A Hitchhiker's Guide to Statistical Tests for Assessing Randomized Algorithms in Software Engineering,2014,"Software Testing, Verification and Reliability",https://doi.org/10.1002/stvr.1486,2026-09-21,resolved,matched,
mcconnell11certifying,doi:10.1016/j.cosrev.2010.09.009,Certifying Algorithms,2011,Computer Science Review,https://doi.org/10.1016/j.cosrev.2010.09.009,2026-09-21,resolved,matched,
imber20topk,doi:10.48550/arxiv.2002.09212,The Complexity of Determining the Necessary and Possible Top-$k$ Winners in Partial Voting Profiles,2020,arXiv preprint arXiv:2002.09212,https://doi.org/10.48550/arXiv.2002.09212,2026-09-21,resolved,matched,
ford56,doi:10.4153/cjm-1956-045-5,Maximal Flow through a Network,1956,Canadian Journal of Mathematics,https://doi.org/10.4153/CJM-1956-045-5,2026-09-21,resolved,matched,
cook71,doi:10.1145/800157.805047,The Complexity of Theorem-Proving Procedures,1971,Proceedings of the ACM Symposium on Theory of Computing,https://doi.org/10.1145/800157.805047,2026-09-21,resolved,matched,
li20hmer,doi:10.1016/j.jss.2020.110661,{HMER}: A Hybrid Mutation Execution Reduction Approach for Mutation-Based Fault Localization,2020,Journal of Systems and Software,https://doi.org/10.1016/j.jss.2020.110661,2026-09-21,resolved,matched,
kim21simfl,doi:10.1109/issre52982.2021.00036,Ahead of Time Mutation Based Fault Localisation Using Statistical Inference,2021,Proceedings of the IEEE International Symposium on Software Reliability Engineering,https://doi.org/10.1109/ISSRE52982.2021.00036,2026-09-21,resolved,matched,
jang22hotfuz,doi:10.1002/stvr.1802,{HOTFUZ}: Cost-Effective Higher-Order Mutation-Based Fault Localization,2022,"Software Testing, Verification and Reliability",https://doi.org/10.1002/stvr.1802,2026-09-21,resolved,matched,
du22bias,doi:10.1109/issre55969.2022.00038,Improving the Performance of Mutation-Based Fault Localization via Mutant Bias: Practical Experience Report,2022,Proceedings of the IEEE International Symposium on Software Reliability Engineering,https://doi.org/10.1109/ISSRE55969.2022.00038,2026-09-21,resolved,matched,
kim23relationship,doi:10.1016/j.infsof.2023.107272,Learning Test-Mutant Relationship for Accurate Fault Localisation,2023,Information and Software Technology,https://doi.org/10.1016/j.infsof.2023.107272,2026-09-21,resolved,matched,
liu24delta4ms,doi:10.1002/stvr.1872,{Delta4Ms}: Improving Mutation-Based Fault Localization by Eliminating Mutant Bias,2024,"Software Testing, Verification and Reliability",https://doi.org/10.1002/stvr.1872,2026-09-21,resolved,matched,
wang25formulae,doi:10.1002/stvr.1905,A Systematic Exploration of Mutation-Based Fault Localization Formulae,2025,"Software Testing, Verification and Reliability",https://doi.org/10.1002/stvr.1905,2026-09-21,resolved,matched,
