id,category,family,status,minimum,interval_result,random_result,random_minimum,certificate_bytes
ambiguity-00,ambiguity,ambiguity,stable,,stable,unknown,,301
ambiguity-01,ambiguity,ambiguity,stable,,stable,unknown,,301
ambiguity-02,ambiguity,ambiguity,stable,,stable,unknown,,301
ambiguity-03,ambiguity,ambiguity,stable,,stable,unknown,,301
ambiguity-04,ambiguity,ambiguity,stable,,stable,unknown,,301
ambiguity-05,ambiguity,ambiguity,stable,,stable,unknown,,301
ambiguity-06,ambiguity,ambiguity,stable,,stable,unknown,,301
ambiguity-07,ambiguity,ambiguity,stable,,stable,unknown,,301
ambiguity-08,ambiguity,ambiguity,stable,,stable,unknown,,301
ambiguity-09,ambiguity,ambiguity,stable,,stable,unknown,,301
ambiguity-10,ambiguity,ambiguity,stable,,stable,unknown,,301
ambiguity-11,ambiguity,ambiguity,stable,,stable,unknown,,301
ambiguity-12,ambiguity,ambiguity,stable,,stable,unknown,,301
ambiguity-13,ambiguity,ambiguity,stable,,stable,unknown,,301
ambiguity-14,ambiguity,ambiguity,stable,,stable,unknown,,301
ambiguity-15,ambiguity,ambiguity,stable,,stable,unknown,,301
ambiguity-16,ambiguity,ambiguity,stable,,stable,unknown,,301
ambiguity-17,ambiguity,ambiguity,stable,,stable,unknown,,301
ambiguity-18,ambiguity,ambiguity,stable,,stable,unknown,,301
ambiguity-19,ambiguity,ambiguity,stable,,stable,unknown,,301
ambiguity-20,ambiguity,ambiguity,stable,,stable,unknown,,301
ambiguity-21,ambiguity,ambiguity,stable,,stable,unknown,,301
ambiguity-22,ambiguity,ambiguity,stable,,stable,unknown,,301
ambiguity-23,ambiguity,ambiguity,stable,,stable,unknown,,301
ambiguity-24,ambiguity,ambiguity,stable,,stable,unknown,,301
ambiguity-25,ambiguity,ambiguity,stable,,stable,unknown,,301
ambiguity-26,ambiguity,ambiguity,stable,,stable,unknown,,301
ambiguity-27,ambiguity,ambiguity,stable,,stable,unknown,,301
ambiguity-28,ambiguity,ambiguity,stable,,stable,unknown,,301
ambiguity-29,ambiguity,ambiguity,stable,,stable,unknown,,301
ambiguity-30,ambiguity,ambiguity,stable,,stable,unknown,,301
ambiguity-31,ambiguity,ambiguity,stable,,stable,unknown,,301
ambiguity-32,ambiguity,ambiguity,stable,,stable,unknown,,301
ambiguity-33,ambiguity,ambiguity,stable,,stable,unknown,,301
ambiguity-34,ambiguity,ambiguity,stable,,stable,unknown,,301
ambiguity-35,ambiguity,ambiguity,stable,,stable,unknown,,301
ambiguity-36,ambiguity,ambiguity,stable,,stable,unknown,,301
ambiguity-37,ambiguity,ambiguity,stable,,stable,unknown,,301
ambiguity-38,ambiguity,ambiguity,stable,,stable,unknown,,301
ambiguity-39,ambiguity,ambiguity,stable,,stable,unknown,,301
fixture-00,fixture,fixture,stable,,unknown,unknown,,195
fixture-01,fixture,fixture,counterexample,2,unknown,observed_counterexample,2,199
fixture-02,fixture,fixture,counterexample,4,unknown,observed_counterexample,4,347
fixture-03,fixture,fixture,counterexample,20,unknown,unknown,,1304
fixture-04,fixture,fixture,stable,,stable,unknown,,129
fixture-05,fixture,fixture,stable,,stable,unknown,,74
fixture-06,fixture,fixture,counterexample,1,unknown,observed_counterexample,1,141
fixture-07,fixture,fixture,stable,,stable,unknown,,129
fixture-08,fixture,fixture,infeasible_policy,,infeasible_policy,unknown,,99
fixture-09,fixture,fixture,stable,,stable,unknown,,73
fixture-10,fixture,fixture,stable,,stable,unknown,,136
fixture-11,fixture,fixture,stable,,stable,unknown,,73
fixture-12,fixture,fixture,counterexample,1,unknown,observed_counterexample,1,146
fixture-13,fixture,fixture,stable,,stable,unknown,,73
fixture-14,fixture,fixture,counterexample,0,unknown,observed_counterexample,0,141
fixture-15,fixture,fixture,stable,,stable,unknown,,76
fixture-16,fixture,fixture,infeasible_policy,,infeasible_policy,unknown,,93
fixture-17,fixture,fixture,stable,,stable,unknown,,1299
fixture-18,fixture,fixture,stable,,stable,unknown,,136
fixture-19,fixture,fixture,counterexample,0,unknown,observed_counterexample,0,197
program-000,program,affine,counterexample,6,unknown,observed_counterexample,6,844
program-001,program,affine,counterexample,6,unknown,observed_counterexample,6,787
program-002,program,affine,counterexample,6,unknown,observed_counterexample,6,844
program-003,program,affine,counterexample,6,unknown,observed_counterexample,6,787
program-004,program,affine,counterexample,6,unknown,observed_counterexample,6,844
program-005,program,affine,counterexample,6,unknown,observed_counterexample,6,787
program-006,program,affine,counterexample,6,unknown,observed_counterexample,6,844
program-007,program,affine,counterexample,6,unknown,observed_counterexample,7,787
program-008,program,affine,counterexample,6,unknown,observed_counterexample,6,844
program-009,program,affine,counterexample,6,unknown,observed_counterexample,7,787
program-010,program,affine,counterexample,6,unknown,observed_counterexample,6,844
program-011,program,affine,counterexample,6,unknown,observed_counterexample,6,787
program-012,program,affine,counterexample,6,unknown,observed_counterexample,6,844
program-013,program,affine,counterexample,6,unknown,observed_counterexample,6,787
program-014,program,affine,counterexample,6,unknown,observed_counterexample,6,844
program-015,program,affine,counterexample,6,unknown,observed_counterexample,6,787
program-016,program,affine,stable,,stable,unknown,,1157
program-017,program,affine,counterexample,6,unknown,observed_counterexample,6,787
program-018,program,affine,stable,,stable,unknown,,1157
program-019,program,affine,stable,,stable,unknown,,1157
program-020,program,clamp,counterexample,6,unknown,observed_counterexample,6,1074
program-021,program,clamp,stable,,stable,unknown,,1240
program-022,program,clamp,counterexample,6,unknown,observed_counterexample,6,960
program-023,program,clamp,stable,,stable,unknown,,1240
program-024,program,clamp,counterexample,6,unknown,observed_counterexample,6,845
program-025,program,clamp,stable,,stable,unknown,,1240
program-026,program,clamp,stable,,stable,unknown,,1157
program-027,program,clamp,stable,,stable,unknown,,1240
program-028,program,clamp,counterexample,6,unknown,observed_counterexample,7,845
program-029,program,clamp,stable,,stable,unknown,,1240
program-030,program,clamp,counterexample,6,unknown,observed_counterexample,7,845
program-031,program,clamp,counterexample,6,unknown,observed_counterexample,6,903
program-032,program,clamp,counterexample,6,unknown,observed_counterexample,6,844
program-033,program,clamp,counterexample,6,unknown,observed_counterexample,6,902
program-034,program,clamp,stable,,stable,unknown,,1158
program-035,program,clamp,counterexample,6,unknown,observed_counterexample,6,902
program-036,program,clamp,counterexample,6,unknown,observed_counterexample,6,960
program-037,program,clamp,counterexample,6,unknown,observed_counterexample,6,902
program-038,program,clamp,counterexample,6,unknown,observed_counterexample,6,845
program-039,program,clamp,stable,,stable,unknown,,1158
program-040,program,tariff,counterexample,6,unknown,observed_counterexample,6,845
program-041,program,tariff,counterexample,6,unknown,observed_counterexample,6,787
program-042,program,tariff,counterexample,6,unknown,observed_counterexample,6,844
program-043,program,tariff,counterexample,6,unknown,observed_counterexample,6,902
program-044,program,tariff,counterexample,6,unknown,observed_counterexample,6,845
program-045,program,tariff,counterexample,6,unknown,observed_counterexample,6,787
program-046,program,tariff,counterexample,6,unknown,observed_counterexample,6,844
program-047,program,tariff,counterexample,6,unknown,observed_counterexample,6,787
program-048,program,tariff,counterexample,6,unknown,observed_counterexample,6,845
program-049,program,tariff,counterexample,6,unknown,observed_counterexample,6,787
program-050,program,tariff,counterexample,6,unknown,observed_counterexample,6,845
program-051,program,tariff,counterexample,6,unknown,observed_counterexample,6,787
program-052,program,tariff,counterexample,6,unknown,observed_counterexample,6,845
program-053,program,tariff,counterexample,6,unknown,observed_counterexample,6,787
program-054,program,tariff,counterexample,6,unknown,observed_counterexample,6,844
program-055,program,tariff,counterexample,6,unknown,observed_counterexample,6,787
program-056,program,tariff,counterexample,6,unknown,observed_counterexample,6,844
program-057,program,tariff,counterexample,6,unknown,observed_counterexample,6,787
program-058,program,tariff,counterexample,6,unknown,observed_counterexample,6,844
program-059,program,tariff,counterexample,6,unknown,observed_counterexample,6,844
program-060,program,median,counterexample,6,unknown,observed_counterexample,6,844
program-061,program,median,stable,,stable,unknown,,1240
program-062,program,median,counterexample,6,unknown,observed_counterexample,6,961
program-063,program,median,stable,,stable,unknown,,1552
program-064,program,median,counterexample,6,unknown,observed_counterexample,6,845
program-065,program,median,stable,,stable,unknown,,1552
program-066,program,median,counterexample,6,unknown,observed_counterexample,6,961
program-067,program,median,counterexample,6,unknown,observed_counterexample,6,902
program-068,program,median,stable,,stable,unknown,,1323
program-069,program,median,stable,,stable,unknown,,1406
program-070,program,median,counterexample,6,unknown,observed_counterexample,8,1074
program-071,program,median,stable,,stable,unknown,,1552
program-072,program,median,counterexample,6,unknown,observed_counterexample,6,844
program-073,program,median,counterexample,6,unknown,observed_counterexample,6,1016
program-074,program,median,stable,,stable,unknown,,1323
program-075,program,median,counterexample,6,unknown,observed_counterexample,6,1018
program-076,program,median,counterexample,6,unknown,observed_counterexample,7,1074
program-077,program,median,stable,,stable,unknown,,1552
program-078,program,median,stable,,stable,unknown,,1157
program-079,program,median,counterexample,6,unknown,observed_counterexample,7,1074
program-080,program,interval,stable,,stable,unknown,,1157
program-081,program,interval,counterexample,6,unknown,observed_counterexample,6,787
program-082,program,interval,counterexample,6,unknown,observed_counterexample,6,844
program-083,program,interval,counterexample,6,unknown,observed_counterexample,6,787
program-084,program,interval,counterexample,6,unknown,observed_counterexample,6,844
program-085,program,interval,counterexample,6,unknown,observed_counterexample,6,787
program-086,program,interval,stable,,stable,unknown,,1157
program-087,program,interval,counterexample,6,unknown,observed_counterexample,6,787
program-088,program,interval,counterexample,6,unknown,observed_counterexample,6,844
program-089,program,interval,counterexample,6,unknown,observed_counterexample,6,787
program-090,program,interval,stable,,stable,unknown,,1157
program-091,program,interval,counterexample,6,unknown,observed_counterexample,6,787
program-092,program,interval,stable,,stable,unknown,,1157
program-093,program,interval,counterexample,6,unknown,observed_counterexample,7,787
program-094,program,interval,counterexample,6,unknown,observed_counterexample,6,844
program-095,program,interval,counterexample,6,unknown,observed_counterexample,6,787
program-096,program,interval,counterexample,6,unknown,observed_counterexample,6,844
program-097,program,interval,counterexample,6,unknown,observed_counterexample,6,787
program-098,program,interval,counterexample,6,unknown,observed_counterexample,6,844
program-099,program,interval,counterexample,6,unknown,observed_counterexample,7,844
program-100,program,predicate,stable,,stable,unknown,,1157
program-101,program,predicate,counterexample,6,unknown,observed_counterexample,6,787
program-102,program,predicate,counterexample,6,unknown,observed_counterexample,6,845
program-103,program,predicate,counterexample,6,unknown,observed_counterexample,6,1016
program-104,program,predicate,counterexample,6,unknown,observed_counterexample,6,845
program-105,program,predicate,stable,,stable,unknown,,1552
program-106,program,predicate,stable,,stable,unknown,,1157
program-107,program,predicate,counterexample,6,unknown,observed_counterexample,6,787
program-108,program,predicate,counterexample,6,unknown,observed_counterexample,6,960
program-109,program,predicate,counterexample,6,unknown,observed_counterexample,6,902
program-110,program,predicate,counterexample,6,unknown,observed_counterexample,6,844
program-111,program,predicate,stable,,stable,unknown,,1552
program-112,program,predicate,stable,,stable,unknown,,1157
program-113,program,predicate,counterexample,6,unknown,observed_counterexample,6,787
program-114,program,predicate,counterexample,6,unknown,observed_counterexample,6,845
program-115,program,predicate,counterexample,6,unknown,observed_counterexample,6,1016
program-116,program,predicate,counterexample,6,unknown,observed_counterexample,6,845
program-117,program,predicate,counterexample,6,unknown,observed_counterexample,6,1132
program-118,program,predicate,stable,,stable,unknown,,1157
program-119,program,predicate,stable,,stable,unknown,,1323
program-120,program,accumulator,counterexample,6,unknown,observed_counterexample,6,844
program-121,program,accumulator,counterexample,6,unknown,observed_counterexample,6,787
program-122,program,accumulator,stable,,stable,unknown,,1157
program-123,program,accumulator,counterexample,6,unknown,observed_counterexample,6,787
program-124,program,accumulator,counterexample,6,unknown,observed_counterexample,6,844
program-125,program,accumulator,counterexample,6,unknown,observed_counterexample,6,787
program-126,program,accumulator,stable,,stable,unknown,,1157
program-127,program,accumulator,counterexample,6,unknown,observed_counterexample,7,787
program-128,program,accumulator,counterexample,6,unknown,observed_counterexample,6,844
program-129,program,accumulator,counterexample,6,unknown,observed_counterexample,6,787
program-130,program,accumulator,counterexample,6,unknown,observed_counterexample,6,844
program-131,program,accumulator,counterexample,6,unknown,observed_counterexample,6,787
program-132,program,accumulator,counterexample,6,unknown,observed_counterexample,6,844
program-133,program,accumulator,counterexample,6,unknown,observed_counterexample,6,787
program-134,program,accumulator,stable,,stable,unknown,,1157
program-135,program,accumulator,counterexample,6,unknown,observed_counterexample,6,787
program-136,program,accumulator,stable,,stable,unknown,,1157
program-137,program,accumulator,counterexample,6,unknown,observed_counterexample,6,787
program-138,program,accumulator,stable,,stable,unknown,,1157
program-139,program,accumulator,counterexample,6,unknown,observed_counterexample,6,844
program-140,program,remainder,counterexample,6,unknown,observed_counterexample,6,844
program-141,program,remainder,counterexample,6,unknown,observed_counterexample,6,787
program-142,program,remainder,stable,,stable,unknown,,1157
program-143,program,remainder,counterexample,6,unknown,observed_counterexample,6,787
program-144,program,remainder,stable,,stable,unknown,,1157
program-145,program,remainder,counterexample,6,unknown,observed_counterexample,6,787
program-146,program,remainder,counterexample,6,unknown,observed_counterexample,6,844
program-147,program,remainder,counterexample,6,unknown,observed_counterexample,6,787
program-148,program,remainder,counterexample,6,unknown,observed_counterexample,6,844
program-149,program,remainder,counterexample,6,unknown,observed_counterexample,6,787
program-150,program,remainder,counterexample,6,unknown,observed_counterexample,6,844
program-151,program,remainder,counterexample,6,unknown,observed_counterexample,6,787
program-152,program,remainder,stable,,stable,unknown,,1157
program-153,program,remainder,counterexample,6,unknown,observed_counterexample,6,787
program-154,program,remainder,counterexample,6,unknown,observed_counterexample,6,844
program-155,program,remainder,counterexample,6,unknown,observed_counterexample,6,787
program-156,program,remainder,stable,,stable,unknown,,1157
program-157,program,remainder,counterexample,6,unknown,observed_counterexample,6,787
program-158,program,remainder,stable,,stable,unknown,,1157
program-159,program,remainder,counterexample,6,unknown,observed_counterexample,6,844
program-160,program,bucket,counterexample,6,unknown,observed_counterexample,6,844
program-161,program,bucket,stable,,stable,unknown,,1240
program-162,program,bucket,counterexample,6,unknown,observed_counterexample,6,961
program-163,program,bucket,counterexample,6,unknown,observed_counterexample,6,903
program-164,program,bucket,counterexample,6,unknown,observed_counterexample,6,1074
program-165,program,bucket,counterexample,6,unknown,observed_counterexample,6,1132
program-166,program,bucket,counterexample,6,unknown,observed_counterexample,6,844
program-167,program,bucket,stable,,stable,unknown,,1240
program-168,program,bucket,counterexample,6,unknown,observed_counterexample,6,961
program-169,program,bucket,counterexample,6,unknown,observed_counterexample,6,903
program-170,program,bucket,counterexample,6,unknown,observed_counterexample,6,961
program-171,program,bucket,counterexample,6,unknown,observed_counterexample,7,1132
program-172,program,bucket,counterexample,6,unknown,observed_counterexample,6,844
program-173,program,bucket,counterexample,6,unknown,observed_counterexample,6,903
program-174,program,bucket,counterexample,6,unknown,observed_counterexample,6,960
program-175,program,bucket,counterexample,6,unknown,observed_counterexample,6,787
program-176,program,bucket,counterexample,6,unknown,observed_counterexample,6,960
program-177,program,bucket,stable,,stable,unknown,,1552
program-178,program,bucket,counterexample,6,unknown,observed_counterexample,6,844
program-179,program,bucket,counterexample,6,unknown,observed_counterexample,6,961
program-180,program,polynomial,counterexample,6,unknown,observed_counterexample,6,960
program-181,program,polynomial,counterexample,6,unknown,observed_counterexample,6,902
program-182,program,polynomial,counterexample,6,unknown,observed_counterexample,6,961
program-183,program,polynomial,counterexample,6,unknown,observed_counterexample,6,903
program-184,program,polynomial,counterexample,6,unknown,observed_counterexample,6,844
program-185,program,polynomial,counterexample,6,unknown,observed_counterexample,6,903
program-186,program,polynomial,counterexample,6,unknown,observed_counterexample,6,961
program-187,program,polynomial,counterexample,6,unknown,observed_counterexample,6,787
program-188,program,polynomial,counterexample,6,unknown,observed_counterexample,6,961
program-189,program,polynomial,counterexample,6,unknown,observed_counterexample,6,903
program-190,program,polynomial,counterexample,6,unknown,observed_counterexample,6,961
program-191,program,polynomial,counterexample,6,unknown,observed_counterexample,6,1016
program-192,program,polynomial,counterexample,6,unknown,observed_counterexample,6,844
program-193,program,polynomial,stable,,stable,unknown,,1240
program-194,program,polynomial,counterexample,6,unknown,observed_counterexample,6,960
program-195,program,polynomial,counterexample,6,unknown,observed_counterexample,6,903
program-196,program,polynomial,counterexample,6,unknown,observed_counterexample,6,961
program-197,program,polynomial,counterexample,6,unknown,observed_counterexample,6,902
program-198,program,polynomial,counterexample,6,unknown,observed_counterexample,6,844
program-199,program,polynomial,counterexample,6,unknown,observed_counterexample,6,960
