x,correction0,correction1,buggy,mutant_0,mutant_1,mutant_2,mutant_3,mutant_4,mutant_5,mutant_6,mutant_7
-9,6,6,21,22,20,9,15,22,20,-21,0
-8,7,7,22,23,21,8,15,23,21,-22,0
-7,8,8,23,24,22,7,15,24,22,-23,0
-6,9,9,24,25,23,6,15,25,23,-24,0
-5,10,10,25,26,24,5,15,26,24,-25,0
-4,11,11,26,27,25,4,15,27,25,-26,0
-3,12,12,27,28,26,3,15,28,26,-27,0
-2,13,13,28,29,27,2,15,29,27,-28,0
-1,14,14,29,30,28,1,15,30,28,-29,0
0,15,15,30,31,29,0,15,31,29,-30,0
1,16,16,31,32,30,-1,15,32,30,-31,0
2,17,17,32,33,31,-2,15,33,31,-32,0
3,18,18,33,34,32,-3,15,34,32,-33,0
4,19,19,34,35,33,-4,15,35,33,-34,0
5,20,20,35,36,34,-5,15,36,34,-35,0
6,21,21,36,37,35,-6,15,37,35,-36,0
7,22,22,37,38,36,-7,15,38,36,-37,0
8,23,23,38,39,37,-8,15,39,37,-38,0
9,24,24,39,40,38,-9,15,40,38,-39,0
