x,y,reference,buggy,mutant_0,mutant_1,mutant_2,mutant_3,mutant_4,mutant_5,mutant_6,mutant_7,mutant_8,mutant_9,mutant_10,mutant_11,mutant_12,mutant_13,mutant_14
-3,-3,8,6,2,8,8,8,0,6,6,8,4,6,8,4,7,5,0
-3,-2,6,8,4,6,0,6,0,4,6,0,6,6,10,6,9,7,0
-3,-1,8,0,6,8,2,8,0,2,6,2,8,6,2,-2,1,-1,0
-3,0,0,2,8,0,4,0,0,0,6,4,0,6,4,0,3,1,0
-3,1,2,4,6,2,6,2,0,8,6,6,2,6,6,2,5,3,0
-3,2,4,6,8,4,8,4,0,6,6,8,4,6,8,4,7,5,0
-3,3,6,8,0,6,6,6,0,4,6,0,6,6,10,6,9,7,0
-2,-3,0,2,8,8,4,0,6,0,6,4,0,6,4,0,3,1,0
-2,-2,2,4,6,6,6,2,6,8,6,6,2,6,6,2,5,3,0
-2,-1,4,6,8,8,8,4,6,6,6,8,4,6,8,4,7,5,0
-2,0,6,8,0,0,6,6,6,4,6,0,6,6,10,6,9,7,0
-2,1,8,6,2,2,8,8,6,6,6,8,4,6,8,4,7,5,0
-2,2,6,8,4,4,0,6,6,4,6,0,6,6,10,6,9,7,0
-2,3,8,0,6,6,2,8,6,2,6,2,8,6,2,-2,1,-1,0
-1,-3,6,8,0,8,6,6,8,4,6,0,6,6,10,6,9,7,0
-1,-2,8,6,2,6,8,8,8,6,6,8,4,6,8,4,7,5,0
-1,-1,6,8,4,8,0,6,8,4,6,0,6,6,10,6,9,7,0
-1,0,8,0,6,0,2,8,8,2,6,2,8,6,2,-2,1,-1,0
-1,1,0,2,8,2,4,0,8,0,6,4,0,6,4,0,3,1,0
-1,2,2,4,6,4,6,2,8,8,6,6,2,6,6,2,5,3,0
-1,3,4,6,8,6,8,4,8,6,6,8,4,6,8,4,7,5,0
0,-3,8,0,6,8,2,8,4,2,6,2,8,6,2,-2,1,-1,0
0,-2,0,2,8,6,4,0,4,0,6,4,0,6,4,0,3,1,0
0,-1,2,4,6,8,6,2,4,8,6,6,2,6,6,2,5,3,0
0,0,4,6,8,0,8,4,4,6,6,8,4,6,8,4,7,5,0
0,1,6,8,0,2,6,6,4,4,6,0,6,6,10,6,9,7,0
0,2,8,6,2,4,8,8,4,6,6,8,4,6,8,4,7,5,0
0,3,6,8,4,6,0,6,4,4,6,0,6,6,10,6,9,7,0
1,-3,4,6,8,8,8,4,6,6,6,8,4,6,8,4,7,5,0
1,-2,6,8,0,6,6,6,6,4,6,0,6,6,10,6,9,7,0
1,-1,8,6,2,8,8,8,6,6,6,8,4,6,8,4,7,5,0
1,0,6,8,4,0,0,6,6,4,6,0,6,6,10,6,9,7,0
1,1,8,0,6,2,2,8,6,2,6,2,8,6,2,-2,1,-1,0
1,2,0,2,8,4,4,0,6,0,6,4,0,6,4,0,3,1,0
1,3,2,4,6,6,6,2,6,8,6,6,2,6,6,2,5,3,0
2,-3,6,8,4,8,0,6,2,4,6,0,6,6,10,6,9,7,0
2,-2,8,0,6,6,2,8,2,2,6,2,8,6,2,-2,1,-1,0
2,-1,0,2,8,8,4,0,2,0,6,4,0,6,4,0,3,1,0
2,0,2,4,6,0,6,2,2,8,6,6,2,6,6,2,5,3,0
2,1,4,6,8,2,8,4,2,6,6,8,4,6,8,4,7,5,0
2,2,6,8,0,4,6,6,2,4,6,0,6,6,10,6,9,7,0
2,3,8,6,2,6,8,8,2,6,6,8,4,6,8,4,7,5,0
3,-3,2,4,6,8,6,2,8,8,6,6,2,6,6,2,5,3,0
3,-2,4,6,8,6,8,4,8,6,6,8,4,6,8,4,7,5,0
3,-1,6,8,0,8,6,6,8,4,6,0,6,6,10,6,9,7,0
3,0,8,6,2,0,8,8,8,6,6,8,4,6,8,4,7,5,0
3,1,6,8,4,2,0,6,8,4,6,0,6,6,10,6,9,7,0
3,2,8,0,6,4,2,8,8,2,6,2,8,6,2,-2,1,-1,0
3,3,0,2,8,6,4,0,8,0,6,4,0,6,4,0,3,1,0
