id,family,variant,status,minimum,feasible_samples,refuting_samples,distinct_top_sets,subsets,refuter_fraction_numerator,refuter_fraction_denominator
program-000,affine,0,counterexample,6,1344,251,4,32768,251,1344
program-001,affine,1,counterexample,6,1398,483,5,32768,483,1398
program-002,affine,2,counterexample,6,627,150,4,32768,150,627
program-003,affine,3,counterexample,6,881,77,4,32768,77,881
program-004,affine,4,counterexample,6,1828,503,3,32768,503,1828
program-005,affine,5,counterexample,6,1451,489,4,32768,489,1451
program-006,affine,6,counterexample,6,1863,538,5,32768,538,1863
program-007,affine,7,counterexample,6,2221,476,2,32768,476,2221
program-008,affine,8,counterexample,6,1189,377,4,32768,377,1189
program-009,affine,9,counterexample,6,1854,307,5,32768,307,1854
program-010,affine,10,counterexample,6,2008,1024,5,32768,1024,2008
program-011,affine,11,counterexample,6,1869,380,5,32768,380,1869
program-012,affine,12,counterexample,6,482,152,3,32768,152,482
program-013,affine,13,counterexample,6,1458,183,4,32768,183,1458
program-014,affine,14,counterexample,6,758,234,3,32768,234,758
program-015,affine,15,counterexample,6,1514,646,5,32768,646,1514
program-016,affine,16,stable,,1510,0,1,32768,0,1510
program-017,affine,17,counterexample,6,1514,180,5,32768,180,1514
program-018,affine,18,stable,,1964,0,1,32768,0,1964
program-019,affine,20,stable,,1722,0,1,32768,0,1722
program-020,clamp,0,counterexample,6,743,297,5,32768,297,743
program-021,clamp,1,stable,,1750,0,1,32768,0,1750
program-022,clamp,2,counterexample,6,948,297,4,32768,297,948
program-023,clamp,3,stable,,1745,0,1,32768,0,1745
program-024,clamp,4,counterexample,6,1905,259,3,32768,259,1905
program-025,clamp,5,stable,,1985,0,1,32768,0,1985
program-026,clamp,6,stable,,869,0,1,32768,0,869
program-027,clamp,7,stable,,1854,0,1,32768,0,1854
program-028,clamp,8,counterexample,6,674,48,2,32768,48,674
program-029,clamp,9,stable,,1428,0,1,32768,0,1428
program-030,clamp,10,counterexample,6,1480,201,4,32768,201,1480
program-031,clamp,11,counterexample,6,1297,646,4,32768,646,1297
program-032,clamp,12,counterexample,6,1828,410,2,32768,410,1828
program-033,clamp,13,counterexample,6,549,154,4,32768,154,549
program-034,clamp,14,stable,,865,0,1,32768,0,865
program-035,clamp,15,counterexample,6,1398,506,4,32768,506,1398
program-036,clamp,16,counterexample,6,1996,671,3,32768,671,1996
program-037,clamp,17,counterexample,6,657,183,4,32768,183,657
program-038,clamp,18,counterexample,6,799,251,4,32768,251,799
program-039,clamp,20,stable,,549,0,1,32768,0,549
program-040,tariff,0,counterexample,6,655,159,2,32768,159,655
program-041,tariff,1,counterexample,6,1860,968,2,32768,968,1860
program-042,tariff,2,counterexample,6,1609,400,3,32768,400,1609
program-043,tariff,3,counterexample,6,1905,701,2,32768,701,1905
program-044,tariff,4,counterexample,6,1367,509,2,32768,509,1367
program-045,tariff,5,counterexample,6,2193,1073,2,32768,1073,2193
program-046,tariff,6,counterexample,6,1791,558,3,32768,558,1791
program-047,tariff,7,counterexample,6,1869,1184,2,32768,1184,1869
program-048,tariff,8,counterexample,6,502,117,2,32768,117,502
program-049,tariff,9,counterexample,6,674,421,3,32768,421,674
program-050,tariff,10,counterexample,6,1869,840,2,32768,840,1869
program-051,tariff,11,counterexample,6,1215,783,3,32768,783,1215
program-052,tariff,12,counterexample,6,521,134,2,32768,134,521
program-053,tariff,13,counterexample,6,881,377,2,32768,377,881
program-054,tariff,14,counterexample,6,1981,833,3,32768,833,1981
program-055,tariff,15,counterexample,6,655,445,3,32768,445,655
program-056,tariff,16,counterexample,6,1745,923,3,32768,923,1745
program-057,tariff,17,counterexample,6,1828,940,3,32768,940,1828
program-058,tariff,18,counterexample,6,1791,558,3,32768,558,1791
program-059,tariff,20,counterexample,6,1609,471,3,32768,471,1609
program-060,median,0,counterexample,6,1981,639,4,32768,639,1981
program-061,median,1,stable,,657,0,1,32768,0,657
program-062,median,2,counterexample,6,1428,931,5,32768,931,1428
program-063,median,3,stable,,1213,0,1,32768,0,1213
program-064,median,4,counterexample,6,876,315,4,32768,315,876
program-065,median,5,stable,,1297,0,1,32768,0,1297
program-066,median,6,counterexample,6,1189,133,3,32768,133,1189
program-067,median,7,counterexample,6,1996,453,2,32768,453,1996
program-068,median,8,stable,,1525,0,1,32768,0,1525
program-069,median,9,stable,,2268,0,1,32768,0,2268
program-070,median,10,counterexample,6,1450,188,3,32768,188,1450
program-071,median,11,stable,,1428,0,1,32768,0,1428
program-072,median,12,counterexample,6,657,181,3,32768,181,657
program-073,median,13,counterexample,6,1082,88,4,32768,88,1082
program-074,median,14,stable,,1514,0,1,32768,0,1514
program-075,median,15,counterexample,6,1307,694,3,32768,694,1307
program-076,median,16,counterexample,6,1307,165,3,32768,165,1307
program-077,median,17,stable,,1615,0,1,32768,0,1615
program-078,median,18,stable,,1996,0,1,32768,0,1996
program-079,median,20,counterexample,6,1125,122,4,32768,122,1125
program-080,interval,0,stable,,1996,0,1,32768,0,1996
program-081,interval,1,counterexample,6,865,320,4,32768,320,865
program-082,interval,2,counterexample,6,1942,586,5,32768,586,1942
program-083,interval,3,counterexample,6,1722,984,5,32768,984,1722
program-084,interval,4,counterexample,6,729,170,3,32768,170,729
program-085,interval,5,counterexample,6,1996,295,5,32768,295,1996
program-086,interval,6,stable,,1428,0,1,32768,0,1428
program-087,interval,7,counterexample,6,1074,552,5,32768,552,1074
program-088,interval,8,counterexample,6,1398,506,5,32768,506,1398
program-089,interval,9,counterexample,6,1113,120,4,32768,120,1113
program-090,interval,10,stable,,1510,0,1,32768,0,1510
program-091,interval,11,counterexample,6,1775,237,5,32768,237,1775
program-092,interval,12,stable,,1964,0,1,32768,0,1964
program-093,interval,13,counterexample,6,881,77,4,32768,77,881
program-094,interval,14,counterexample,6,911,170,4,32768,170,911
program-095,interval,15,counterexample,6,822,205,5,32768,205,822
program-096,interval,16,counterexample,6,1742,458,5,32768,458,1742
program-097,interval,17,counterexample,6,1215,280,2,32768,280,1215
program-098,interval,18,counterexample,6,1189,377,4,32768,377,1189
program-099,interval,20,counterexample,6,1480,566,5,32768,566,1480
program-100,predicate,0,stable,,799,0,1,32768,0,799
program-101,predicate,1,counterexample,6,1750,1031,4,32768,1031,1750
program-102,predicate,2,counterexample,6,1024,463,3,32768,463,1024
program-103,predicate,3,counterexample,6,1274,329,3,32768,329,1274
program-104,predicate,4,counterexample,6,889,301,6,32768,301,889
program-105,predicate,5,stable,,997,0,1,32768,0,997
program-106,predicate,6,stable,,1791,0,1,32768,0,1791
program-107,predicate,7,counterexample,6,1307,401,5,32768,401,1307
program-108,predicate,8,counterexample,6,1974,763,3,32768,763,1974
program-109,predicate,9,counterexample,6,1524,392,4,32768,392,1524
program-110,predicate,10,counterexample,6,1388,372,4,32768,372,1388
program-111,predicate,11,stable,,1344,0,1,32768,0,1344
program-112,predicate,12,stable,,1775,0,1,32768,0,1775
program-113,predicate,13,counterexample,6,860,225,4,32768,225,860
program-114,predicate,14,counterexample,6,2137,1168,3,32768,1168,2137
program-115,predicate,15,counterexample,6,943,381,5,32768,381,943
program-116,predicate,16,counterexample,6,1274,451,3,32768,451,1274
program-117,predicate,17,counterexample,6,2125,612,3,32768,612,2125
program-118,predicate,18,stable,,1828,0,1,32768,0,1828
program-119,predicate,20,stable,,2193,0,1,32768,0,2193
program-120,accumulator,0,counterexample,6,1525,524,5,32768,524,1525
program-121,accumulator,1,counterexample,6,1905,259,4,32768,259,1905
program-122,accumulator,2,stable,,1799,0,1,32768,0,1799
program-123,accumulator,3,counterexample,6,1388,135,4,32768,135,1388
program-124,accumulator,4,counterexample,6,477,171,5,32768,171,477
program-125,accumulator,5,counterexample,6,1463,209,2,32768,209,1463
program-126,accumulator,6,stable,,1791,0,1,32768,0,1791
program-127,accumulator,7,counterexample,6,911,268,4,32768,268,911
program-128,accumulator,8,counterexample,6,1113,372,5,32768,372,1113
program-129,accumulator,9,counterexample,6,1274,422,4,32768,422,1274
program-130,accumulator,10,counterexample,6,627,150,4,32768,150,627
program-131,accumulator,11,counterexample,6,1215,150,4,32768,150,1215
program-132,accumulator,12,counterexample,6,1479,297,5,32768,297,1479
program-133,accumulator,13,counterexample,6,2091,992,5,32768,992,2091
program-134,accumulator,14,stable,,1274,0,1,32768,0,1274
program-135,accumulator,15,counterexample,6,1996,295,2,32768,295,1996
program-136,accumulator,16,stable,,1981,0,1,32768,0,1981
program-137,accumulator,17,counterexample,6,1215,150,4,32768,150,1215
program-138,accumulator,18,stable,,1878,0,1,32768,0,1878
program-139,accumulator,20,counterexample,6,1344,251,4,32768,251,1344
program-140,remainder,0,counterexample,6,1237,464,5,32768,464,1237
program-141,remainder,1,counterexample,6,1609,241,4,32768,241,1609
program-142,remainder,2,stable,,2141,0,1,32768,0,2141
program-143,remainder,3,counterexample,6,953,218,5,32768,218,953
program-144,remainder,4,stable,,1932,0,1,32768,0,1932
program-145,remainder,5,counterexample,6,1603,579,2,32768,579,1603
program-146,remainder,6,counterexample,6,1189,377,4,32768,377,1189
program-147,remainder,7,counterexample,6,1996,931,2,32768,931,1996
program-148,remainder,8,counterexample,6,1083,339,3,32768,339,1083
program-149,remainder,9,counterexample,6,674,81,4,32768,81,674
program-150,remainder,10,counterexample,6,801,327,5,32768,327,801
program-151,remainder,11,counterexample,6,1532,227,2,32768,227,1532
program-152,remainder,12,stable,,1972,0,1,32768,0,1972
program-153,remainder,13,counterexample,6,1125,122,2,32768,122,1125
program-154,remainder,14,counterexample,6,1869,853,5,32768,853,1869
program-155,remainder,15,counterexample,6,1603,213,5,32768,213,1603
program-156,remainder,16,stable,,1050,0,1,32768,0,1050
program-157,remainder,17,counterexample,6,948,504,2,32768,504,948
program-158,remainder,18,stable,,1964,0,1,32768,0,1964
program-159,remainder,20,counterexample,6,1530,338,5,32768,338,1530
program-160,bucket,0,counterexample,6,1731,539,2,32768,539,1731
program-161,bucket,1,stable,,657,0,1,32768,0,657
program-162,bucket,2,counterexample,6,2091,992,3,32768,992,2091
program-163,bucket,3,counterexample,6,1828,829,3,32768,829,1828
program-164,bucket,4,counterexample,6,627,365,3,32768,365,627
program-165,bucket,5,counterexample,6,943,319,4,32768,319,943
program-166,bucket,6,counterexample,6,822,196,2,32768,196,822
program-167,bucket,7,stable,,1082,0,1,32768,0,1082
program-168,bucket,8,counterexample,6,1087,367,4,32768,367,1087
program-169,bucket,9,counterexample,6,798,310,4,32768,310,798
program-170,bucket,10,counterexample,6,1274,557,5,32768,557,1274
program-171,bucket,11,counterexample,6,1207,179,2,32768,179,1207
program-172,bucket,12,counterexample,6,1974,442,2,32768,442,1974
program-173,bucket,13,counterexample,6,1237,417,3,32768,417,1237
program-174,bucket,14,counterexample,6,1609,571,2,32768,571,1609
program-175,bucket,15,counterexample,6,1964,934,5,32768,934,1964
program-176,bucket,16,counterexample,6,1514,416,5,32768,416,1514
program-177,bucket,17,stable,,1985,0,1,32768,0,1985
program-178,bucket,18,counterexample,6,1274,716,2,32768,716,1274
program-179,bucket,20,counterexample,6,1363,766,5,32768,766,1363
program-180,polynomial,0,counterexample,6,822,306,4,32768,306,822
program-181,polynomial,1,counterexample,6,1750,784,4,32768,784,1750
program-182,polynomial,2,counterexample,6,1307,822,2,32768,822,1307
program-183,polynomial,3,counterexample,6,657,268,5,32768,268,657
program-184,polynomial,4,counterexample,6,1869,522,6,32768,522,1869
program-185,polynomial,5,counterexample,6,1363,858,3,32768,858,1363
program-186,polynomial,6,counterexample,6,521,413,4,32768,413,521
program-187,polynomial,7,counterexample,6,1731,705,6,32768,705,1731
program-188,polynomial,8,counterexample,6,1434,930,2,32768,930,1434
program-189,polynomial,9,counterexample,6,1615,992,4,32768,992,1615
program-190,polynomial,10,counterexample,6,502,145,3,32768,145,502
program-191,polynomial,11,counterexample,6,2204,1078,2,32768,1078,2204
program-192,polynomial,12,counterexample,6,2047,611,5,32768,611,2047
program-193,polynomial,13,stable,,1344,0,1,32768,0,1344
program-194,polynomial,14,counterexample,6,1793,546,3,32768,546,1793
program-195,polynomial,15,counterexample,6,1942,961,5,32768,961,1942
program-196,polynomial,16,counterexample,6,1477,829,6,32768,829,1477
program-197,polynomial,17,counterexample,6,2047,910,5,32768,910,2047
program-198,polynomial,18,counterexample,6,1603,376,5,32768,376,1603
program-199,polynomial,20,counterexample,6,1113,253,3,32768,253,1113
