ordinal,name,source,output,command,returncode,user_seconds,system_seconds,wall_seconds,max_rss_kib,stdout_bytes,stderr_bytes,same_run_output_match
1,pilot,tests/pilot.py,results/pilot.json,python src/limited.py tests/pilot.py,0,0.94,0.05,0.6327307189999374,92844,420,0,True
2,exhaustive,tests/exhaustive.py,results/exhaustive.json,python src/limited.py tests/exhaustive.py,0,2.27,0.05,1.9190308390000155,92588,345,0,True
3,semantics,tests/semantics.py,results/semantics.json,python src/limited.py tests/semantics.py,0,1.01,0.04,0.7264571440000509,93228,533,0,True
4,stress,tests/stress.py,results/stress.json,python src/limited.py tests/stress.py,0,2.87,0.04,2.5747169779999695,93872,566,0,True
5,reference_audit,tests/reference_audit.py,results/reference-audit.json,python src/limited.py tests/reference_audit.py,0,0.91,0.04,0.5590240750000248,93484,698,0,True
6,protocol_audit,tests/protocol_audit.py,results/protocol-audit.json,python src/limited.py tests/protocol_audit.py,0,1.13,0.11,0.8541172000000188,93100,1879,0,True
7,generated_oracle_audit,tests/generated_oracle_audit.py,results/generated-oracle-audit.json,python src/limited.py tests/generated_oracle_audit.py,0,5.32,0.06,5.067810423000083,94380,1250,0,True
8,external_matrices,tests/external_matrices.py,results/external-matrices.json,python src/limited.py tests/external_matrices.py,0,1.72,0.04,1.3622190520000004,93612,10516,0,True
9,metamorphic,tests/metamorphic.py,results/metamorphic.json,python src/limited.py tests/metamorphic.py,0,2.51,0.05,2.1878750319999654,93100,523,0,True
10,verify_all,tests/verify_all.py,results/verification.json,python src/limited.py tests/verify_all.py data results/campaign,0,1.43,0.06,1.1536491480001132,94124,148,0,True
11,clean_reproduction,tests/reproduce.py,results/clean-reproduction.json,python src/limited.py tests/reproduce.py,0,11.24,1.67,12.746091419999857,94384,453,0,True
12,check_tables,tests/check_tables.py,results/table-check.json,python src/limited.py tests/check_tables.py,0,0.9,0.06,0.6041102859999228,97580,2112,0,True
